{"DNI":151,"importe":7500.0,"descripcion":"Sports]","categoria":"N/A","tarjetaCredito":"Mastercard","geolocalizacion":{"ciudad":"Navan"}}
{"DNI":190,"importe":7500.0,"descripcion":"Cinema]","categoria":"N/A","tarjetaCredito":"Mastercard","geolocalizacion":{"ciudad":"Shreveport                  "}}
{"DNI":207,"importe":7500.0,"descripcion":"Sports]","categoria":"N/A","tarjetaCredito":"Visa","geolocalizacion":{"ciudad":"Kearns                      "}}
{"DNI":245,"importe":7500.0,"descripcion":"Restaurant]","categoria":"N/A","tarjetaCredito":"Visa","geolocalizacion":{"ciudad":"Rennes"}}
{"DNI":435,"importe":7500.0,"descripcion":"Cinema]","categoria":"N/A","tarjetaCredito":"Mastercard","geolocalizacion":{"ciudad":"Campinas"}}
{"DNI":494,"importe":7500.0,"descripcion":"home insurance]","categoria":"N/A","tarjetaCredito":"Visa","geolocalizacion":{"ciudad":"Knoxville                   "}}
{"DNI":506,"importe":7500.0,"descripcion":"Sports]","categoria":"N/A","tarjetaCredito":"Visa","geolocalizacion":{"ciudad":"Rogers                      "}}
{"DNI":512,"importe":7500.0,"descripcion":"Cinema]","categoria":"N/A","tarjetaCredito":"Visa","geolocalizacion":{"ciudad":"Pietermaritzburg"}}
{"DNI":545,"importe":7500.0,"descripcion":"Shopping Mall]","categoria":"N/A","tarjetaCredito":"Visa","geolocalizacion":{"ciudad":"Olive Branch                "}}
{"DNI":559,"importe":13000.0,"descripcion":"Shopping Mall]","categoria":"N/A","tarjetaCredito":"Visa","geolocalizacion":{"ciudad":"Centennial                  "}}
{"DNI":815,"importe":7500.0,"descripcion":"car insurace]","categoria":"N/A","tarjetaCredito":"Mastercard","geolocalizacion":{"ciudad":"Den Haag"}}
{"DNI":913,"importe":7500.0,"descripcion":"Sports]","categoria":"N/A","tarjetaCredito":"Mastercard","geolocalizacion":{"ciudad":"Fresno                      "}}
{"DNI":933,"importe":7500.0,"descripcion":"Restaurant]","categoria":"N/A","tarjetaCredito":"Diners","geolocalizacion":{"ciudad":"Lipari"}}
{"DNI":934,"importe":7500.0,"descripcion":"Cinema]","categoria":"N/A","tarjetaCredito":"Diners","geolocalizacion":{"ciudad":"Lipari"}}
{"DNI":964,"importe":7500.0,"descripcion":"Cinema]","categoria":"N/A","tarjetaCredito":"Visa","geolocalizacion":{"ciudad":"Valley Center               "}}
{"DNI":996,"importe":7500.0,"descripcion":"Cinema]","categoria":"N/A","tarjetaCredito":"Amex","geolocalizacion":{"ciudad":"Skaneateles                 "}}
