<?xml version="1.0" encoding="UTF-8"?>
<project name="module_spfm" default="compile.module.spfm">
  <dirname property="module.spfm.basedir" file="${ant.file.module_spfm}"/>
  
  <property name="module.jdk.home.spfm" value="${project.jdk.home}"/>
  <property name="module.jdk.bin.spfm" value="${project.jdk.bin}"/>
  <property name="module.jdk.classpath.spfm" value="${project.jdk.classpath}"/>
  
  <property name="compiler.args.spfm" value="-encoding UTF-8 -source 8 -target 1.8 ${compiler.args}"/>
  
  <property name="spfm.output.dir" value="${module.spfm.basedir}/target/classes"/>
  <property name="spfm.testoutput.dir" value="${module.spfm.basedir}/target/test-classes"/>
  
  <path id="spfm.module.bootclasspath">
    <!-- Paths to be included in compilation bootclasspath -->
  </path>
  
  <path id="spfm.module.production.classpath">
    <path refid="${module.jdk.classpath.spfm}"/>
    <path refid="library.maven:_org.apache.spark:spark-sql-kafka-0-10_2.11:2.2.1.classpath"/>
    <path refid="library.maven:_org.apache.kafka:kafka-clients:0.10.0.1.classpath"/>
    <path refid="library.maven:_org.apache.spark:spark-tags_2.11:2.2.1.classpath"/>
    <path refid="library.maven:_org.spark-project.spark:unused:1.0.0.classpath"/>
    <path refid="library.maven:_io.confluent:kafka-avro-serializer:3.3.0.classpath"/>
    <path refid="library.maven:_org.apache.avro:avro:1.8.2.classpath"/>
    <path refid="library.maven:_org.codehaus.jackson:jackson-core-asl:1.9.13.classpath"/>
    <path refid="library.maven:_com.thoughtworks.paranamer:paranamer:2.7.classpath"/>
    <path refid="library.maven:_org.apache.commons:commons-compress:1.8.1.classpath"/>
    <path refid="library.maven:_org.tukaani:xz:1.5.classpath"/>
    <path refid="library.maven:_io.confluent:kafka-schema-registry-client:3.3.0.classpath"/>
    <path refid="library.maven:_io.confluent:common-config:3.3.0.classpath"/>
    <path refid="library.maven:_io.confluent:common-utils:3.3.0.classpath"/>
    <path refid="library.maven:_org.apache.zookeeper:zookeeper:3.4.8.classpath"/>
    <path refid="library.maven:_jline:jline:0.9.94.classpath"/>
    <path refid="library.maven:_com.101tec:zkclient:0.10.classpath"/>
    <path refid="library.maven:_com.typesafe:config:1.3.1.classpath"/>
    <path refid="library.maven:_org.apache.spark:spark-core_2.11:2.2.1.classpath"/>
    <path refid="library.maven:_org.apache.avro:avro-mapred:hadoop2:1.7.7.classpath"/>
    <path refid="library.maven:_org.apache.avro:avro-ipc:1.7.7.classpath"/>
    <path refid="library.maven:_org.apache.avro:avro-ipc:tests:1.7.7.classpath"/>
    <path refid="library.maven:_com.twitter:chill_2.11:0.8.0.classpath"/>
    <path refid="library.maven:_com.esotericsoftware:kryo-shaded:3.0.3.classpath"/>
    <path refid="library.maven:_com.esotericsoftware:minlog:1.3.0.classpath"/>
    <path refid="library.maven:_org.objenesis:objenesis:2.1.classpath"/>
    <path refid="library.maven:_com.twitter:chill-java:0.8.0.classpath"/>
    <path refid="library.maven:_org.apache.xbean:xbean-asm5-shaded:4.4.classpath"/>
    <path refid="library.maven:_org.apache.hadoop:hadoop-client:2.6.5.classpath"/>
    <path refid="library.maven:_org.apache.hadoop:hadoop-common:2.6.5.classpath"/>
    <path refid="library.maven:_xmlenc:xmlenc:0.52.classpath"/>
    <path refid="library.maven:_commons-collections:commons-collections:3.2.2.classpath"/>
    <path refid="library.maven:_commons-configuration:commons-configuration:1.6.classpath"/>
    <path refid="library.maven:_commons-digester:commons-digester:1.8.classpath"/>
    <path refid="library.maven:_commons-beanutils:commons-beanutils:1.7.0.classpath"/>
    <path refid="library.maven:_commons-beanutils:commons-beanutils-core:1.8.0.classpath"/>
    <path refid="library.maven:_com.google.protobuf:protobuf-java:2.5.0.classpath"/>
    <path refid="library.maven:_com.google.code.gson:gson:2.2.4.classpath"/>
    <path refid="library.maven:_org.apache.hadoop:hadoop-auth:2.6.5.classpath"/>
    <path refid="library.maven:_org.apache.directory.server:apacheds-kerberos-codec:2.0.0-m15.classpath"/>
    <path refid="library.maven:_org.apache.directory.server:apacheds-i18n:2.0.0-m15.classpath"/>
    <path refid="library.maven:_org.apache.directory.api:api-asn1-api:1.0.0-m20.classpath"/>
    <path refid="library.maven:_org.apache.directory.api:api-util:1.0.0-m20.classpath"/>
    <path refid="library.maven:_org.apache.curator:curator-client:2.6.0.classpath"/>
    <path refid="library.maven:_org.htrace:htrace-core:3.0.4.classpath"/>
    <path refid="library.maven:_org.apache.hadoop:hadoop-hdfs:2.6.5.classpath"/>
    <path refid="library.maven:_org.mortbay.jetty:jetty-util:6.1.26.classpath"/>
    <path refid="library.maven:_xerces:xercesimpl:2.9.1.classpath"/>
    <path refid="library.maven:_xml-apis:xml-apis:1.3.04.classpath"/>
    <path refid="library.maven:_org.apache.hadoop:hadoop-mapreduce-client-app:2.6.5.classpath"/>
    <path refid="library.maven:_org.apache.hadoop:hadoop-mapreduce-client-common:2.6.5.classpath"/>
    <path refid="library.maven:_org.apache.hadoop:hadoop-yarn-client:2.6.5.classpath"/>
    <path refid="library.maven:_org.apache.hadoop:hadoop-yarn-server-common:2.6.5.classpath"/>
    <path refid="library.maven:_org.apache.hadoop:hadoop-mapreduce-client-shuffle:2.6.5.classpath"/>
    <path refid="library.maven:_org.apache.hadoop:hadoop-yarn-api:2.6.5.classpath"/>
    <path refid="library.maven:_org.apache.hadoop:hadoop-mapreduce-client-core:2.6.5.classpath"/>
    <path refid="library.maven:_org.apache.hadoop:hadoop-yarn-common:2.6.5.classpath"/>
    <path refid="library.maven:_javax.xml.bind:jaxb-api:2.2.2.classpath"/>
    <path refid="library.maven:_javax.xml.stream:stax-api:1.0-2.classpath"/>
    <path refid="library.maven:_org.codehaus.jackson:jackson-jaxrs:1.9.13.classpath"/>
    <path refid="library.maven:_org.codehaus.jackson:jackson-xc:1.9.13.classpath"/>
    <path refid="library.maven:_org.apache.hadoop:hadoop-mapreduce-client-jobclient:2.6.5.classpath"/>
    <path refid="library.maven:_org.apache.hadoop:hadoop-annotations:2.6.5.classpath"/>
    <path refid="library.maven:_org.apache.spark:spark-launcher_2.11:2.2.1.classpath"/>
    <path refid="library.maven:_org.apache.spark:spark-network-common_2.11:2.2.1.classpath"/>
    <path refid="library.maven:_org.fusesource.leveldbjni:leveldbjni-all:1.8.classpath"/>
    <path refid="library.maven:_com.fasterxml.jackson.core:jackson-annotations:2.6.5.classpath"/>
    <path refid="library.maven:_org.apache.spark:spark-network-shuffle_2.11:2.2.1.classpath"/>
    <path refid="library.maven:_org.apache.spark:spark-unsafe_2.11:2.2.1.classpath"/>
    <path refid="library.maven:_net.java.dev.jets3t:jets3t:0.9.3.classpath"/>
    <path refid="library.maven:_org.apache.httpcomponents:httpcore:4.3.3.classpath"/>
    <path refid="library.maven:_javax.activation:activation:1.1.1.classpath"/>
    <path refid="library.maven:_mx4j:mx4j:3.0.2.classpath"/>
    <path refid="library.maven:_javax.mail:mail:1.4.7.classpath"/>
    <path refid="library.maven:_org.bouncycastle:bcprov-jdk15on:1.51.classpath"/>
    <path refid="library.maven:_com.jamesmurty.utils:java-xmlbuilder:1.0.classpath"/>
    <path refid="library.maven:_net.iharder:base64:2.3.8.classpath"/>
    <path refid="library.maven:_org.apache.curator:curator-recipes:2.6.0.classpath"/>
    <path refid="library.maven:_org.apache.curator:curator-framework:2.6.0.classpath"/>
    <path refid="library.maven:_com.google.guava:guava:16.0.1.classpath"/>
    <path refid="library.maven:_javax.servlet:javax.servlet-api:3.1.0.classpath"/>
    <path refid="library.maven:_org.apache.commons:commons-lang3:3.5.classpath"/>
    <path refid="library.maven:_org.apache.commons:commons-math3:3.4.1.classpath"/>
    <path refid="library.maven:_com.google.code.findbugs:jsr305:1.3.9.classpath"/>
    <path refid="library.maven:_org.slf4j:slf4j-api:1.7.16.classpath"/>
    <path refid="library.maven:_org.slf4j:jul-to-slf4j:1.7.16.classpath"/>
    <path refid="library.maven:_org.slf4j:jcl-over-slf4j:1.7.16.classpath"/>
    <path refid="library.maven:_log4j:log4j:1.2.17.classpath"/>
    <path refid="library.maven:_org.slf4j:slf4j-log4j12:1.7.16.classpath"/>
    <path refid="library.maven:_com.ning:compress-lzf:1.0.3.classpath"/>
    <path refid="library.maven:_org.xerial.snappy:snappy-java:1.1.2.6.classpath"/>
    <path refid="library.maven:_net.jpountz.lz4:lz4:1.3.0.classpath"/>
    <path refid="library.maven:_org.roaringbitmap:roaringbitmap:0.5.11.classpath"/>
    <path refid="library.maven:_commons-net:commons-net:2.2.classpath"/>
    <path refid="library.maven:_org.scala-lang:scala-library:2.11.8.classpath"/>
    <path refid="library.maven:_org.json4s:json4s-jackson_2.11:3.2.11.classpath"/>
    <path refid="library.maven:_org.json4s:json4s-core_2.11:3.2.11.classpath"/>
    <path refid="library.maven:_org.json4s:json4s-ast_2.11:3.2.11.classpath"/>
    <path refid="library.maven:_org.scala-lang:scalap:2.11.0.classpath"/>
    <path refid="library.maven:_org.scala-lang:scala-compiler:2.11.0.classpath"/>
    <path refid="library.maven:_org.scala-lang.modules:scala-xml_2.11:1.0.1.classpath"/>
    <path refid="library.maven:_org.glassfish.jersey.core:jersey-client:2.22.2.classpath"/>
    <path refid="library.maven:_javax.ws.rs:javax.ws.rs-api:2.0.1.classpath"/>
    <path refid="library.maven:_org.glassfish.hk2:hk2-api:2.4.0-b34.classpath"/>
    <path refid="library.maven:_org.glassfish.hk2:hk2-utils:2.4.0-b34.classpath"/>
    <path refid="library.maven:_org.glassfish.hk2.external:aopalliance-repackaged:2.4.0-b34.classpath"/>
    <path refid="library.maven:_org.glassfish.hk2.external:javax.inject:2.4.0-b34.classpath"/>
    <path refid="library.maven:_org.glassfish.hk2:hk2-locator:2.4.0-b34.classpath"/>
    <path refid="library.maven:_org.javassist:javassist:3.18.1-ga.classpath"/>
    <path refid="library.maven:_org.glassfish.jersey.core:jersey-common:2.22.2.classpath"/>
    <path refid="library.maven:_javax.annotation:javax.annotation-api:1.2.classpath"/>
    <path refid="library.maven:_org.glassfish.jersey.bundles.repackaged:jersey-guava:2.22.2.classpath"/>
    <path refid="library.maven:_org.glassfish.hk2:osgi-resource-locator:1.0.1.classpath"/>
    <path refid="library.maven:_org.glassfish.jersey.core:jersey-server:2.22.2.classpath"/>
    <path refid="library.maven:_org.glassfish.jersey.media:jersey-media-jaxb:2.22.2.classpath"/>
    <path refid="library.maven:_javax.validation:validation-api:1.1.0.final.classpath"/>
    <path refid="library.maven:_org.glassfish.jersey.containers:jersey-container-servlet:2.22.2.classpath"/>
    <path refid="library.maven:_org.glassfish.jersey.containers:jersey-container-servlet-core:2.22.2.classpath"/>
    <path refid="library.maven:_io.netty:netty-all:4.0.43.final.classpath"/>
    <path refid="library.maven:_io.netty:netty:3.9.9.final.classpath"/>
    <path refid="library.maven:_com.clearspring.analytics:stream:2.7.0.classpath"/>
    <path refid="library.maven:_io.dropwizard.metrics:metrics-core:3.1.2.classpath"/>
    <path refid="library.maven:_io.dropwizard.metrics:metrics-jvm:3.1.2.classpath"/>
    <path refid="library.maven:_io.dropwizard.metrics:metrics-json:3.1.2.classpath"/>
    <path refid="library.maven:_io.dropwizard.metrics:metrics-graphite:3.1.2.classpath"/>
    <path refid="library.maven:_com.fasterxml.jackson.core:jackson-databind:2.6.5.classpath"/>
    <path refid="library.maven:_com.fasterxml.jackson.module:jackson-module-scala_2.11:2.6.5.classpath"/>
    <path refid="library.maven:_org.scala-lang:scala-reflect:2.11.7.classpath"/>
    <path refid="library.maven:_com.fasterxml.jackson.module:jackson-module-paranamer:2.6.5.classpath"/>
    <path refid="library.maven:_org.apache.ivy:ivy:2.4.0.classpath"/>
    <path refid="library.maven:_oro:oro:2.0.8.classpath"/>
    <path refid="library.maven:_net.razorvine:pyrolite:4.13.classpath"/>
    <path refid="library.maven:_net.sf.py4j:py4j:0.10.4.classpath"/>
    <path refid="library.maven:_org.apache.commons:commons-crypto:1.0.0.classpath"/>
    <path refid="library.maven:_org.apache.spark:spark-sql_2.11:2.2.1.classpath"/>
    <path refid="library.maven:_com.univocity:univocity-parsers:2.2.1.classpath"/>
    <path refid="library.maven:_org.apache.spark:spark-sketch_2.11:2.2.1.classpath"/>
    <path refid="library.maven:_org.apache.spark:spark-catalyst_2.11:2.2.1.classpath"/>
    <path refid="library.maven:_org.codehaus.janino:janino:3.0.0.classpath"/>
    <path refid="library.maven:_org.codehaus.janino:commons-compiler:3.0.0.classpath"/>
    <path refid="library.maven:_org.antlr:antlr4-runtime:4.5.3.classpath"/>
    <path refid="library.maven:_org.apache.parquet:parquet-column:1.8.2.classpath"/>
    <path refid="library.maven:_org.apache.parquet:parquet-common:1.8.2.classpath"/>
    <path refid="library.maven:_org.apache.parquet:parquet-encoding:1.8.2.classpath"/>
    <path refid="library.maven:_org.apache.parquet:parquet-hadoop:1.8.2.classpath"/>
    <path refid="library.maven:_org.apache.parquet:parquet-format:2.3.1.classpath"/>
    <path refid="library.maven:_org.apache.parquet:parquet-jackson:1.8.2.classpath"/>
    <path refid="library.maven:_org.apache.spark:spark-streaming_2.11:2.2.1.classpath"/>
    <path refid="library.maven:_org.apache.spark:spark-hive_2.11:2.2.1.classpath"/>
    <path refid="library.maven:_com.twitter:parquet-hadoop-bundle:1.6.0.classpath"/>
    <path refid="library.maven:_org.spark-project.hive:hive-exec:1.2.1.spark2.classpath"/>
    <path refid="library.maven:_commons-io:commons-io:2.4.classpath"/>
    <path refid="library.maven:_commons-lang:commons-lang:2.6.classpath"/>
    <path refid="library.maven:_javolution:javolution:5.5.1.classpath"/>
    <path refid="library.maven:_log4j:apache-log4j-extras:1.2.17.classpath"/>
    <path refid="library.maven:_org.antlr:antlr-runtime:3.4.classpath"/>
    <path refid="library.maven:_org.antlr:stringtemplate:3.2.1.classpath"/>
    <path refid="library.maven:_antlr:antlr:2.7.7.classpath"/>
    <path refid="library.maven:_org.antlr:st4:4.0.4.classpath"/>
    <path refid="library.maven:_com.googlecode.javaewah:javaewah:0.3.2.classpath"/>
    <path refid="library.maven:_org.iq80.snappy:snappy:0.2.classpath"/>
    <path refid="library.maven:_stax:stax-api:1.0.1.classpath"/>
    <path refid="library.maven:_net.sf.opencsv:opencsv:2.3.classpath"/>
    <path refid="library.maven:_org.spark-project.hive:hive-metastore:1.2.1.spark2.classpath"/>
    <path refid="library.maven:_com.jolbox:bonecp:0.8.0.release.classpath"/>
    <path refid="library.maven:_commons-cli:commons-cli:1.2.classpath"/>
    <path refid="library.maven:_commons-logging:commons-logging:1.1.3.classpath"/>
    <path refid="library.maven:_org.datanucleus:datanucleus-api-jdo:3.2.6.classpath"/>
    <path refid="library.maven:_org.datanucleus:datanucleus-rdbms:3.2.9.classpath"/>
    <path refid="library.maven:_commons-pool:commons-pool:1.5.4.classpath"/>
    <path refid="library.maven:_commons-dbcp:commons-dbcp:1.4.classpath"/>
    <path refid="library.maven:_javax.jdo:jdo-api:3.0.1.classpath"/>
    <path refid="library.maven:_javax.transaction:jta:1.1.classpath"/>
    <path refid="library.maven:_commons-httpclient:commons-httpclient:3.1.classpath"/>
    <path refid="library.maven:_org.apache.calcite:calcite-avatica:1.2.0-incubating.classpath"/>
    <path refid="library.maven:_org.apache.calcite:calcite-core:1.2.0-incubating.classpath"/>
    <path refid="library.maven:_org.apache.calcite:calcite-linq4j:1.2.0-incubating.classpath"/>
    <path refid="library.maven:_net.hydromatic:eigenbase-properties:1.1.5.classpath"/>
    <path refid="library.maven:_org.apache.httpcomponents:httpclient:4.5.2.classpath"/>
    <path refid="library.maven:_org.codehaus.jackson:jackson-mapper-asl:1.9.13.classpath"/>
    <path refid="library.maven:_commons-codec:commons-codec:1.10.classpath"/>
    <path refid="library.maven:_joda-time:joda-time:2.9.3.classpath"/>
    <path refid="library.maven:_org.jodd:jodd-core:3.5.2.classpath"/>
    <path refid="library.maven:_org.datanucleus:datanucleus-core:3.2.10.classpath"/>
    <path refid="library.maven:_org.apache.thrift:libthrift:0.9.3.classpath"/>
    <path refid="library.maven:_org.apache.thrift:libfb303:0.9.3.classpath"/>
    <path refid="library.maven:_org.apache.derby:derby:10.12.1.1.classpath"/>
    <path refid="library.maven:_org.apache.spark:spark-streaming-kafka-0-10_2.11:2.2.1.classpath"/>
    <path refid="library.maven:_org.apache.kafka:kafka_2.11:0.10.0.1.classpath"/>
    <path refid="library.maven:_com.yammer.metrics:metrics-core:2.2.0.classpath"/>
    <path refid="library.maven:_org.scala-lang.modules:scala-parser-combinators_2.11:1.0.4.classpath"/>
    <path refid="library.maven:_org.elasticsearch:elasticsearch-spark_2.11:2.4.5.classpath"/>
    <path refid="library.maven:_org.elasticsearch:elasticsearch:5.3.0.classpath"/>
    <path refid="library.maven:_org.apache.lucene:lucene-core:6.4.1.classpath"/>
    <path refid="library.maven:_org.apache.lucene:lucene-analyzers-common:6.4.1.classpath"/>
    <path refid="library.maven:_org.apache.lucene:lucene-backward-codecs:6.4.1.classpath"/>
    <path refid="library.maven:_org.apache.lucene:lucene-grouping:6.4.1.classpath"/>
    <path refid="library.maven:_org.apache.lucene:lucene-highlighter:6.4.1.classpath"/>
    <path refid="library.maven:_org.apache.lucene:lucene-join:6.4.1.classpath"/>
    <path refid="library.maven:_org.apache.lucene:lucene-memory:6.4.1.classpath"/>
    <path refid="library.maven:_org.apache.lucene:lucene-misc:6.4.1.classpath"/>
    <path refid="library.maven:_org.apache.lucene:lucene-queries:6.4.1.classpath"/>
    <path refid="library.maven:_org.apache.lucene:lucene-queryparser:6.4.1.classpath"/>
    <path refid="library.maven:_org.apache.lucene:lucene-sandbox:6.4.1.classpath"/>
    <path refid="library.maven:_org.apache.lucene:lucene-spatial:6.4.1.classpath"/>
    <path refid="library.maven:_org.apache.lucene:lucene-spatial-extras:6.4.1.classpath"/>
    <path refid="library.maven:_org.apache.lucene:lucene-spatial3d:6.4.1.classpath"/>
    <path refid="library.maven:_org.apache.lucene:lucene-suggest:6.4.1.classpath"/>
    <path refid="library.maven:_org.elasticsearch:securesm:1.1.classpath"/>
    <path refid="library.maven:_net.sf.jopt-simple:jopt-simple:5.0.2.classpath"/>
    <path refid="library.maven:_com.carrotsearch:hppc:0.7.1.classpath"/>
    <path refid="library.maven:_org.yaml:snakeyaml:1.15.classpath"/>
    <path refid="library.maven:_com.fasterxml.jackson.core:jackson-core:2.8.6.classpath"/>
    <path refid="library.maven:_com.fasterxml.jackson.dataformat:jackson-dataformat-smile:2.8.6.classpath"/>
    <path refid="library.maven:_com.fasterxml.jackson.dataformat:jackson-dataformat-yaml:2.8.6.classpath"/>
    <path refid="library.maven:_com.fasterxml.jackson.dataformat:jackson-dataformat-cbor:2.8.6.classpath"/>
    <path refid="library.maven:_com.tdunning:t-digest:3.0.classpath"/>
    <path refid="library.maven:_org.hdrhistogram:hdrhistogram:2.1.6.classpath"/>
    <path refid="library.maven:_net.java.dev.jna:jna:4.2.2.classpath"/>
    <path refid="library.scala-sdk-2.11.8.classpath"/>
  </path>
  
  <path id="spfm.runtime.production.module.classpath">
    <pathelement location="${spfm.output.dir}"/>
    <path refid="library.maven:_org.apache.spark:spark-sql-kafka-0-10_2.11:2.2.1.classpath"/>
    <path refid="library.maven:_org.apache.kafka:kafka-clients:0.10.0.1.classpath"/>
    <path refid="library.maven:_org.apache.spark:spark-tags_2.11:2.2.1.classpath"/>
    <path refid="library.maven:_org.spark-project.spark:unused:1.0.0.classpath"/>
    <path refid="library.maven:_io.confluent:kafka-avro-serializer:3.3.0.classpath"/>
    <path refid="library.maven:_org.apache.avro:avro:1.8.2.classpath"/>
    <path refid="library.maven:_org.codehaus.jackson:jackson-core-asl:1.9.13.classpath"/>
    <path refid="library.maven:_com.thoughtworks.paranamer:paranamer:2.7.classpath"/>
    <path refid="library.maven:_org.apache.commons:commons-compress:1.8.1.classpath"/>
    <path refid="library.maven:_org.tukaani:xz:1.5.classpath"/>
    <path refid="library.maven:_io.confluent:kafka-schema-registry-client:3.3.0.classpath"/>
    <path refid="library.maven:_io.confluent:common-config:3.3.0.classpath"/>
    <path refid="library.maven:_io.confluent:common-utils:3.3.0.classpath"/>
    <path refid="library.maven:_org.apache.zookeeper:zookeeper:3.4.8.classpath"/>
    <path refid="library.maven:_jline:jline:0.9.94.classpath"/>
    <path refid="library.maven:_com.101tec:zkclient:0.10.classpath"/>
    <path refid="library.maven:_com.typesafe:config:1.3.1.classpath"/>
    <path refid="library.maven:_org.apache.spark:spark-core_2.11:2.2.1.classpath"/>
    <path refid="library.maven:_org.apache.avro:avro-mapred:hadoop2:1.7.7.classpath"/>
    <path refid="library.maven:_org.apache.avro:avro-ipc:1.7.7.classpath"/>
    <path refid="library.maven:_org.apache.avro:avro-ipc:tests:1.7.7.classpath"/>
    <path refid="library.maven:_com.twitter:chill_2.11:0.8.0.classpath"/>
    <path refid="library.maven:_com.esotericsoftware:kryo-shaded:3.0.3.classpath"/>
    <path refid="library.maven:_com.esotericsoftware:minlog:1.3.0.classpath"/>
    <path refid="library.maven:_org.objenesis:objenesis:2.1.classpath"/>
    <path refid="library.maven:_com.twitter:chill-java:0.8.0.classpath"/>
    <path refid="library.maven:_org.apache.xbean:xbean-asm5-shaded:4.4.classpath"/>
    <path refid="library.maven:_org.apache.hadoop:hadoop-client:2.6.5.classpath"/>
    <path refid="library.maven:_org.apache.hadoop:hadoop-common:2.6.5.classpath"/>
    <path refid="library.maven:_xmlenc:xmlenc:0.52.classpath"/>
    <path refid="library.maven:_commons-collections:commons-collections:3.2.2.classpath"/>
    <path refid="library.maven:_commons-configuration:commons-configuration:1.6.classpath"/>
    <path refid="library.maven:_commons-digester:commons-digester:1.8.classpath"/>
    <path refid="library.maven:_commons-beanutils:commons-beanutils:1.7.0.classpath"/>
    <path refid="library.maven:_commons-beanutils:commons-beanutils-core:1.8.0.classpath"/>
    <path refid="library.maven:_com.google.protobuf:protobuf-java:2.5.0.classpath"/>
    <path refid="library.maven:_com.google.code.gson:gson:2.2.4.classpath"/>
    <path refid="library.maven:_org.apache.hadoop:hadoop-auth:2.6.5.classpath"/>
    <path refid="library.maven:_org.apache.directory.server:apacheds-kerberos-codec:2.0.0-m15.classpath"/>
    <path refid="library.maven:_org.apache.directory.server:apacheds-i18n:2.0.0-m15.classpath"/>
    <path refid="library.maven:_org.apache.directory.api:api-asn1-api:1.0.0-m20.classpath"/>
    <path refid="library.maven:_org.apache.directory.api:api-util:1.0.0-m20.classpath"/>
    <path refid="library.maven:_org.apache.curator:curator-client:2.6.0.classpath"/>
    <path refid="library.maven:_org.htrace:htrace-core:3.0.4.classpath"/>
    <path refid="library.maven:_org.apache.hadoop:hadoop-hdfs:2.6.5.classpath"/>
    <path refid="library.maven:_org.mortbay.jetty:jetty-util:6.1.26.classpath"/>
    <path refid="library.maven:_xerces:xercesimpl:2.9.1.classpath"/>
    <path refid="library.maven:_xml-apis:xml-apis:1.3.04.classpath"/>
    <path refid="library.maven:_org.apache.hadoop:hadoop-mapreduce-client-app:2.6.5.classpath"/>
    <path refid="library.maven:_org.apache.hadoop:hadoop-mapreduce-client-common:2.6.5.classpath"/>
    <path refid="library.maven:_org.apache.hadoop:hadoop-yarn-client:2.6.5.classpath"/>
    <path refid="library.maven:_org.apache.hadoop:hadoop-yarn-server-common:2.6.5.classpath"/>
    <path refid="library.maven:_org.apache.hadoop:hadoop-mapreduce-client-shuffle:2.6.5.classpath"/>
    <path refid="library.maven:_org.apache.hadoop:hadoop-yarn-api:2.6.5.classpath"/>
    <path refid="library.maven:_org.apache.hadoop:hadoop-mapreduce-client-core:2.6.5.classpath"/>
    <path refid="library.maven:_org.apache.hadoop:hadoop-yarn-common:2.6.5.classpath"/>
    <path refid="library.maven:_javax.xml.bind:jaxb-api:2.2.2.classpath"/>
    <path refid="library.maven:_javax.xml.stream:stax-api:1.0-2.classpath"/>
    <path refid="library.maven:_org.codehaus.jackson:jackson-jaxrs:1.9.13.classpath"/>
    <path refid="library.maven:_org.codehaus.jackson:jackson-xc:1.9.13.classpath"/>
    <path refid="library.maven:_org.apache.hadoop:hadoop-mapreduce-client-jobclient:2.6.5.classpath"/>
    <path refid="library.maven:_org.apache.hadoop:hadoop-annotations:2.6.5.classpath"/>
    <path refid="library.maven:_org.apache.spark:spark-launcher_2.11:2.2.1.classpath"/>
    <path refid="library.maven:_org.apache.spark:spark-network-common_2.11:2.2.1.classpath"/>
    <path refid="library.maven:_org.fusesource.leveldbjni:leveldbjni-all:1.8.classpath"/>
    <path refid="library.maven:_com.fasterxml.jackson.core:jackson-annotations:2.6.5.classpath"/>
    <path refid="library.maven:_org.apache.spark:spark-network-shuffle_2.11:2.2.1.classpath"/>
    <path refid="library.maven:_org.apache.spark:spark-unsafe_2.11:2.2.1.classpath"/>
    <path refid="library.maven:_net.java.dev.jets3t:jets3t:0.9.3.classpath"/>
    <path refid="library.maven:_org.apache.httpcomponents:httpcore:4.3.3.classpath"/>
    <path refid="library.maven:_javax.activation:activation:1.1.1.classpath"/>
    <path refid="library.maven:_mx4j:mx4j:3.0.2.classpath"/>
    <path refid="library.maven:_javax.mail:mail:1.4.7.classpath"/>
    <path refid="library.maven:_org.bouncycastle:bcprov-jdk15on:1.51.classpath"/>
    <path refid="library.maven:_com.jamesmurty.utils:java-xmlbuilder:1.0.classpath"/>
    <path refid="library.maven:_net.iharder:base64:2.3.8.classpath"/>
    <path refid="library.maven:_org.apache.curator:curator-recipes:2.6.0.classpath"/>
    <path refid="library.maven:_org.apache.curator:curator-framework:2.6.0.classpath"/>
    <path refid="library.maven:_com.google.guava:guava:16.0.1.classpath"/>
    <path refid="library.maven:_javax.servlet:javax.servlet-api:3.1.0.classpath"/>
    <path refid="library.maven:_org.apache.commons:commons-lang3:3.5.classpath"/>
    <path refid="library.maven:_org.apache.commons:commons-math3:3.4.1.classpath"/>
    <path refid="library.maven:_com.google.code.findbugs:jsr305:1.3.9.classpath"/>
    <path refid="library.maven:_org.slf4j:slf4j-api:1.7.16.classpath"/>
    <path refid="library.maven:_org.slf4j:jul-to-slf4j:1.7.16.classpath"/>
    <path refid="library.maven:_org.slf4j:jcl-over-slf4j:1.7.16.classpath"/>
    <path refid="library.maven:_log4j:log4j:1.2.17.classpath"/>
    <path refid="library.maven:_org.slf4j:slf4j-log4j12:1.7.16.classpath"/>
    <path refid="library.maven:_com.ning:compress-lzf:1.0.3.classpath"/>
    <path refid="library.maven:_org.xerial.snappy:snappy-java:1.1.2.6.classpath"/>
    <path refid="library.maven:_net.jpountz.lz4:lz4:1.3.0.classpath"/>
    <path refid="library.maven:_org.roaringbitmap:roaringbitmap:0.5.11.classpath"/>
    <path refid="library.maven:_commons-net:commons-net:2.2.classpath"/>
    <path refid="library.maven:_org.scala-lang:scala-library:2.11.8.classpath"/>
    <path refid="library.maven:_org.json4s:json4s-jackson_2.11:3.2.11.classpath"/>
    <path refid="library.maven:_org.json4s:json4s-core_2.11:3.2.11.classpath"/>
    <path refid="library.maven:_org.json4s:json4s-ast_2.11:3.2.11.classpath"/>
    <path refid="library.maven:_org.scala-lang:scalap:2.11.0.classpath"/>
    <path refid="library.maven:_org.scala-lang:scala-compiler:2.11.0.classpath"/>
    <path refid="library.maven:_org.scala-lang.modules:scala-xml_2.11:1.0.1.classpath"/>
    <path refid="library.maven:_org.glassfish.jersey.core:jersey-client:2.22.2.classpath"/>
    <path refid="library.maven:_javax.ws.rs:javax.ws.rs-api:2.0.1.classpath"/>
    <path refid="library.maven:_org.glassfish.hk2:hk2-api:2.4.0-b34.classpath"/>
    <path refid="library.maven:_org.glassfish.hk2:hk2-utils:2.4.0-b34.classpath"/>
    <path refid="library.maven:_org.glassfish.hk2.external:aopalliance-repackaged:2.4.0-b34.classpath"/>
    <path refid="library.maven:_org.glassfish.hk2.external:javax.inject:2.4.0-b34.classpath"/>
    <path refid="library.maven:_org.glassfish.hk2:hk2-locator:2.4.0-b34.classpath"/>
    <path refid="library.maven:_org.javassist:javassist:3.18.1-ga.classpath"/>
    <path refid="library.maven:_org.glassfish.jersey.core:jersey-common:2.22.2.classpath"/>
    <path refid="library.maven:_javax.annotation:javax.annotation-api:1.2.classpath"/>
    <path refid="library.maven:_org.glassfish.jersey.bundles.repackaged:jersey-guava:2.22.2.classpath"/>
    <path refid="library.maven:_org.glassfish.hk2:osgi-resource-locator:1.0.1.classpath"/>
    <path refid="library.maven:_org.glassfish.jersey.core:jersey-server:2.22.2.classpath"/>
    <path refid="library.maven:_org.glassfish.jersey.media:jersey-media-jaxb:2.22.2.classpath"/>
    <path refid="library.maven:_javax.validation:validation-api:1.1.0.final.classpath"/>
    <path refid="library.maven:_org.glassfish.jersey.containers:jersey-container-servlet:2.22.2.classpath"/>
    <path refid="library.maven:_org.glassfish.jersey.containers:jersey-container-servlet-core:2.22.2.classpath"/>
    <path refid="library.maven:_io.netty:netty-all:4.0.43.final.classpath"/>
    <path refid="library.maven:_io.netty:netty:3.9.9.final.classpath"/>
    <path refid="library.maven:_com.clearspring.analytics:stream:2.7.0.classpath"/>
    <path refid="library.maven:_io.dropwizard.metrics:metrics-core:3.1.2.classpath"/>
    <path refid="library.maven:_io.dropwizard.metrics:metrics-jvm:3.1.2.classpath"/>
    <path refid="library.maven:_io.dropwizard.metrics:metrics-json:3.1.2.classpath"/>
    <path refid="library.maven:_io.dropwizard.metrics:metrics-graphite:3.1.2.classpath"/>
    <path refid="library.maven:_com.fasterxml.jackson.core:jackson-databind:2.6.5.classpath"/>
    <path refid="library.maven:_com.fasterxml.jackson.module:jackson-module-scala_2.11:2.6.5.classpath"/>
    <path refid="library.maven:_org.scala-lang:scala-reflect:2.11.7.classpath"/>
    <path refid="library.maven:_com.fasterxml.jackson.module:jackson-module-paranamer:2.6.5.classpath"/>
    <path refid="library.maven:_org.apache.ivy:ivy:2.4.0.classpath"/>
    <path refid="library.maven:_oro:oro:2.0.8.classpath"/>
    <path refid="library.maven:_net.razorvine:pyrolite:4.13.classpath"/>
    <path refid="library.maven:_net.sf.py4j:py4j:0.10.4.classpath"/>
    <path refid="library.maven:_org.apache.commons:commons-crypto:1.0.0.classpath"/>
    <path refid="library.maven:_org.apache.spark:spark-sql_2.11:2.2.1.classpath"/>
    <path refid="library.maven:_com.univocity:univocity-parsers:2.2.1.classpath"/>
    <path refid="library.maven:_org.apache.spark:spark-sketch_2.11:2.2.1.classpath"/>
    <path refid="library.maven:_org.apache.spark:spark-catalyst_2.11:2.2.1.classpath"/>
    <path refid="library.maven:_org.codehaus.janino:janino:3.0.0.classpath"/>
    <path refid="library.maven:_org.codehaus.janino:commons-compiler:3.0.0.classpath"/>
    <path refid="library.maven:_org.antlr:antlr4-runtime:4.5.3.classpath"/>
    <path refid="library.maven:_org.apache.parquet:parquet-column:1.8.2.classpath"/>
    <path refid="library.maven:_org.apache.parquet:parquet-common:1.8.2.classpath"/>
    <path refid="library.maven:_org.apache.parquet:parquet-encoding:1.8.2.classpath"/>
    <path refid="library.maven:_org.apache.parquet:parquet-hadoop:1.8.2.classpath"/>
    <path refid="library.maven:_org.apache.parquet:parquet-format:2.3.1.classpath"/>
    <path refid="library.maven:_org.apache.parquet:parquet-jackson:1.8.2.classpath"/>
    <path refid="library.maven:_org.apache.spark:spark-streaming_2.11:2.2.1.classpath"/>
    <path refid="library.maven:_org.apache.spark:spark-hive_2.11:2.2.1.classpath"/>
    <path refid="library.maven:_com.twitter:parquet-hadoop-bundle:1.6.0.classpath"/>
    <path refid="library.maven:_org.spark-project.hive:hive-exec:1.2.1.spark2.classpath"/>
    <path refid="library.maven:_commons-io:commons-io:2.4.classpath"/>
    <path refid="library.maven:_commons-lang:commons-lang:2.6.classpath"/>
    <path refid="library.maven:_javolution:javolution:5.5.1.classpath"/>
    <path refid="library.maven:_log4j:apache-log4j-extras:1.2.17.classpath"/>
    <path refid="library.maven:_org.antlr:antlr-runtime:3.4.classpath"/>
    <path refid="library.maven:_org.antlr:stringtemplate:3.2.1.classpath"/>
    <path refid="library.maven:_antlr:antlr:2.7.7.classpath"/>
    <path refid="library.maven:_org.antlr:st4:4.0.4.classpath"/>
    <path refid="library.maven:_com.googlecode.javaewah:javaewah:0.3.2.classpath"/>
    <path refid="library.maven:_org.iq80.snappy:snappy:0.2.classpath"/>
    <path refid="library.maven:_stax:stax-api:1.0.1.classpath"/>
    <path refid="library.maven:_net.sf.opencsv:opencsv:2.3.classpath"/>
    <path refid="library.maven:_org.spark-project.hive:hive-metastore:1.2.1.spark2.classpath"/>
    <path refid="library.maven:_com.jolbox:bonecp:0.8.0.release.classpath"/>
    <path refid="library.maven:_commons-cli:commons-cli:1.2.classpath"/>
    <path refid="library.maven:_commons-logging:commons-logging:1.1.3.classpath"/>
    <path refid="library.maven:_org.datanucleus:datanucleus-api-jdo:3.2.6.classpath"/>
    <path refid="library.maven:_org.datanucleus:datanucleus-rdbms:3.2.9.classpath"/>
    <path refid="library.maven:_commons-pool:commons-pool:1.5.4.classpath"/>
    <path refid="library.maven:_commons-dbcp:commons-dbcp:1.4.classpath"/>
    <path refid="library.maven:_javax.jdo:jdo-api:3.0.1.classpath"/>
    <path refid="library.maven:_javax.transaction:jta:1.1.classpath"/>
    <path refid="library.maven:_commons-httpclient:commons-httpclient:3.1.classpath"/>
    <path refid="library.maven:_org.apache.calcite:calcite-avatica:1.2.0-incubating.classpath"/>
    <path refid="library.maven:_org.apache.calcite:calcite-core:1.2.0-incubating.classpath"/>
    <path refid="library.maven:_org.apache.calcite:calcite-linq4j:1.2.0-incubating.classpath"/>
    <path refid="library.maven:_net.hydromatic:eigenbase-properties:1.1.5.classpath"/>
    <path refid="library.maven:_org.apache.httpcomponents:httpclient:4.5.2.classpath"/>
    <path refid="library.maven:_org.codehaus.jackson:jackson-mapper-asl:1.9.13.classpath"/>
    <path refid="library.maven:_commons-codec:commons-codec:1.10.classpath"/>
    <path refid="library.maven:_joda-time:joda-time:2.9.3.classpath"/>
    <path refid="library.maven:_org.jodd:jodd-core:3.5.2.classpath"/>
    <path refid="library.maven:_org.datanucleus:datanucleus-core:3.2.10.classpath"/>
    <path refid="library.maven:_org.apache.thrift:libthrift:0.9.3.classpath"/>
    <path refid="library.maven:_org.apache.thrift:libfb303:0.9.3.classpath"/>
    <path refid="library.maven:_org.apache.derby:derby:10.12.1.1.classpath"/>
    <path refid="library.maven:_org.apache.spark:spark-streaming-kafka-0-10_2.11:2.2.1.classpath"/>
    <path refid="library.maven:_org.apache.kafka:kafka_2.11:0.10.0.1.classpath"/>
    <path refid="library.maven:_com.yammer.metrics:metrics-core:2.2.0.classpath"/>
    <path refid="library.maven:_org.scala-lang.modules:scala-parser-combinators_2.11:1.0.4.classpath"/>
    <path refid="library.maven:_org.elasticsearch:elasticsearch-spark_2.11:2.4.5.classpath"/>
    <path refid="library.maven:_org.elasticsearch:elasticsearch:5.3.0.classpath"/>
    <path refid="library.maven:_org.apache.lucene:lucene-core:6.4.1.classpath"/>
    <path refid="library.maven:_org.apache.lucene:lucene-analyzers-common:6.4.1.classpath"/>
    <path refid="library.maven:_org.apache.lucene:lucene-backward-codecs:6.4.1.classpath"/>
    <path refid="library.maven:_org.apache.lucene:lucene-grouping:6.4.1.classpath"/>
    <path refid="library.maven:_org.apache.lucene:lucene-highlighter:6.4.1.classpath"/>
    <path refid="library.maven:_org.apache.lucene:lucene-join:6.4.1.classpath"/>
    <path refid="library.maven:_org.apache.lucene:lucene-memory:6.4.1.classpath"/>
    <path refid="library.maven:_org.apache.lucene:lucene-misc:6.4.1.classpath"/>
    <path refid="library.maven:_org.apache.lucene:lucene-queries:6.4.1.classpath"/>
    <path refid="library.maven:_org.apache.lucene:lucene-queryparser:6.4.1.classpath"/>
    <path refid="library.maven:_org.apache.lucene:lucene-sandbox:6.4.1.classpath"/>
    <path refid="library.maven:_org.apache.lucene:lucene-spatial:6.4.1.classpath"/>
    <path refid="library.maven:_org.apache.lucene:lucene-spatial-extras:6.4.1.classpath"/>
    <path refid="library.maven:_org.apache.lucene:lucene-spatial3d:6.4.1.classpath"/>
    <path refid="library.maven:_org.apache.lucene:lucene-suggest:6.4.1.classpath"/>
    <path refid="library.maven:_org.elasticsearch:securesm:1.1.classpath"/>
    <path refid="library.maven:_net.sf.jopt-simple:jopt-simple:5.0.2.classpath"/>
    <path refid="library.maven:_com.carrotsearch:hppc:0.7.1.classpath"/>
    <path refid="library.maven:_org.yaml:snakeyaml:1.15.classpath"/>
    <path refid="library.maven:_com.fasterxml.jackson.core:jackson-core:2.8.6.classpath"/>
    <path refid="library.maven:_com.fasterxml.jackson.dataformat:jackson-dataformat-smile:2.8.6.classpath"/>
    <path refid="library.maven:_com.fasterxml.jackson.dataformat:jackson-dataformat-yaml:2.8.6.classpath"/>
    <path refid="library.maven:_com.fasterxml.jackson.dataformat:jackson-dataformat-cbor:2.8.6.classpath"/>
    <path refid="library.maven:_com.tdunning:t-digest:3.0.classpath"/>
    <path refid="library.maven:_org.hdrhistogram:hdrhistogram:2.1.6.classpath"/>
    <path refid="library.maven:_net.java.dev.jna:jna:4.2.2.classpath"/>
    <path refid="library.scala-sdk-2.11.8.classpath"/>
  </path>
  
  <path id="spfm.module.classpath">
    <path refid="${module.jdk.classpath.spfm}"/>
    <pathelement location="${spfm.output.dir}"/>
    <path refid="library.maven:_org.apache.spark:spark-sql-kafka-0-10_2.11:2.2.1.classpath"/>
    <path refid="library.maven:_org.apache.kafka:kafka-clients:0.10.0.1.classpath"/>
    <path refid="library.maven:_org.apache.spark:spark-tags_2.11:2.2.1.classpath"/>
    <path refid="library.maven:_org.spark-project.spark:unused:1.0.0.classpath"/>
    <path refid="library.maven:_io.confluent:kafka-avro-serializer:3.3.0.classpath"/>
    <path refid="library.maven:_org.apache.avro:avro:1.8.2.classpath"/>
    <path refid="library.maven:_org.codehaus.jackson:jackson-core-asl:1.9.13.classpath"/>
    <path refid="library.maven:_com.thoughtworks.paranamer:paranamer:2.7.classpath"/>
    <path refid="library.maven:_org.apache.commons:commons-compress:1.8.1.classpath"/>
    <path refid="library.maven:_org.tukaani:xz:1.5.classpath"/>
    <path refid="library.maven:_io.confluent:kafka-schema-registry-client:3.3.0.classpath"/>
    <path refid="library.maven:_io.confluent:common-config:3.3.0.classpath"/>
    <path refid="library.maven:_io.confluent:common-utils:3.3.0.classpath"/>
    <path refid="library.maven:_org.apache.zookeeper:zookeeper:3.4.8.classpath"/>
    <path refid="library.maven:_jline:jline:0.9.94.classpath"/>
    <path refid="library.maven:_com.101tec:zkclient:0.10.classpath"/>
    <path refid="library.maven:_com.typesafe:config:1.3.1.classpath"/>
    <path refid="library.maven:_org.apache.spark:spark-core_2.11:2.2.1.classpath"/>
    <path refid="library.maven:_org.apache.avro:avro-mapred:hadoop2:1.7.7.classpath"/>
    <path refid="library.maven:_org.apache.avro:avro-ipc:1.7.7.classpath"/>
    <path refid="library.maven:_org.apache.avro:avro-ipc:tests:1.7.7.classpath"/>
    <path refid="library.maven:_com.twitter:chill_2.11:0.8.0.classpath"/>
    <path refid="library.maven:_com.esotericsoftware:kryo-shaded:3.0.3.classpath"/>
    <path refid="library.maven:_com.esotericsoftware:minlog:1.3.0.classpath"/>
    <path refid="library.maven:_org.objenesis:objenesis:2.1.classpath"/>
    <path refid="library.maven:_com.twitter:chill-java:0.8.0.classpath"/>
    <path refid="library.maven:_org.apache.xbean:xbean-asm5-shaded:4.4.classpath"/>
    <path refid="library.maven:_org.apache.hadoop:hadoop-client:2.6.5.classpath"/>
    <path refid="library.maven:_org.apache.hadoop:hadoop-common:2.6.5.classpath"/>
    <path refid="library.maven:_xmlenc:xmlenc:0.52.classpath"/>
    <path refid="library.maven:_commons-collections:commons-collections:3.2.2.classpath"/>
    <path refid="library.maven:_commons-configuration:commons-configuration:1.6.classpath"/>
    <path refid="library.maven:_commons-digester:commons-digester:1.8.classpath"/>
    <path refid="library.maven:_commons-beanutils:commons-beanutils:1.7.0.classpath"/>
    <path refid="library.maven:_commons-beanutils:commons-beanutils-core:1.8.0.classpath"/>
    <path refid="library.maven:_com.google.protobuf:protobuf-java:2.5.0.classpath"/>
    <path refid="library.maven:_com.google.code.gson:gson:2.2.4.classpath"/>
    <path refid="library.maven:_org.apache.hadoop:hadoop-auth:2.6.5.classpath"/>
    <path refid="library.maven:_org.apache.directory.server:apacheds-kerberos-codec:2.0.0-m15.classpath"/>
    <path refid="library.maven:_org.apache.directory.server:apacheds-i18n:2.0.0-m15.classpath"/>
    <path refid="library.maven:_org.apache.directory.api:api-asn1-api:1.0.0-m20.classpath"/>
    <path refid="library.maven:_org.apache.directory.api:api-util:1.0.0-m20.classpath"/>
    <path refid="library.maven:_org.apache.curator:curator-client:2.6.0.classpath"/>
    <path refid="library.maven:_org.htrace:htrace-core:3.0.4.classpath"/>
    <path refid="library.maven:_org.apache.hadoop:hadoop-hdfs:2.6.5.classpath"/>
    <path refid="library.maven:_org.mortbay.jetty:jetty-util:6.1.26.classpath"/>
    <path refid="library.maven:_xerces:xercesimpl:2.9.1.classpath"/>
    <path refid="library.maven:_xml-apis:xml-apis:1.3.04.classpath"/>
    <path refid="library.maven:_org.apache.hadoop:hadoop-mapreduce-client-app:2.6.5.classpath"/>
    <path refid="library.maven:_org.apache.hadoop:hadoop-mapreduce-client-common:2.6.5.classpath"/>
    <path refid="library.maven:_org.apache.hadoop:hadoop-yarn-client:2.6.5.classpath"/>
    <path refid="library.maven:_org.apache.hadoop:hadoop-yarn-server-common:2.6.5.classpath"/>
    <path refid="library.maven:_org.apache.hadoop:hadoop-mapreduce-client-shuffle:2.6.5.classpath"/>
    <path refid="library.maven:_org.apache.hadoop:hadoop-yarn-api:2.6.5.classpath"/>
    <path refid="library.maven:_org.apache.hadoop:hadoop-mapreduce-client-core:2.6.5.classpath"/>
    <path refid="library.maven:_org.apache.hadoop:hadoop-yarn-common:2.6.5.classpath"/>
    <path refid="library.maven:_javax.xml.bind:jaxb-api:2.2.2.classpath"/>
    <path refid="library.maven:_javax.xml.stream:stax-api:1.0-2.classpath"/>
    <path refid="library.maven:_org.codehaus.jackson:jackson-jaxrs:1.9.13.classpath"/>
    <path refid="library.maven:_org.codehaus.jackson:jackson-xc:1.9.13.classpath"/>
    <path refid="library.maven:_org.apache.hadoop:hadoop-mapreduce-client-jobclient:2.6.5.classpath"/>
    <path refid="library.maven:_org.apache.hadoop:hadoop-annotations:2.6.5.classpath"/>
    <path refid="library.maven:_org.apache.spark:spark-launcher_2.11:2.2.1.classpath"/>
    <path refid="library.maven:_org.apache.spark:spark-network-common_2.11:2.2.1.classpath"/>
    <path refid="library.maven:_org.fusesource.leveldbjni:leveldbjni-all:1.8.classpath"/>
    <path refid="library.maven:_com.fasterxml.jackson.core:jackson-annotations:2.6.5.classpath"/>
    <path refid="library.maven:_org.apache.spark:spark-network-shuffle_2.11:2.2.1.classpath"/>
    <path refid="library.maven:_org.apache.spark:spark-unsafe_2.11:2.2.1.classpath"/>
    <path refid="library.maven:_net.java.dev.jets3t:jets3t:0.9.3.classpath"/>
    <path refid="library.maven:_org.apache.httpcomponents:httpcore:4.3.3.classpath"/>
    <path refid="library.maven:_javax.activation:activation:1.1.1.classpath"/>
    <path refid="library.maven:_mx4j:mx4j:3.0.2.classpath"/>
    <path refid="library.maven:_javax.mail:mail:1.4.7.classpath"/>
    <path refid="library.maven:_org.bouncycastle:bcprov-jdk15on:1.51.classpath"/>
    <path refid="library.maven:_com.jamesmurty.utils:java-xmlbuilder:1.0.classpath"/>
    <path refid="library.maven:_net.iharder:base64:2.3.8.classpath"/>
    <path refid="library.maven:_org.apache.curator:curator-recipes:2.6.0.classpath"/>
    <path refid="library.maven:_org.apache.curator:curator-framework:2.6.0.classpath"/>
    <path refid="library.maven:_com.google.guava:guava:16.0.1.classpath"/>
    <path refid="library.maven:_javax.servlet:javax.servlet-api:3.1.0.classpath"/>
    <path refid="library.maven:_org.apache.commons:commons-lang3:3.5.classpath"/>
    <path refid="library.maven:_org.apache.commons:commons-math3:3.4.1.classpath"/>
    <path refid="library.maven:_com.google.code.findbugs:jsr305:1.3.9.classpath"/>
    <path refid="library.maven:_org.slf4j:slf4j-api:1.7.16.classpath"/>
    <path refid="library.maven:_org.slf4j:jul-to-slf4j:1.7.16.classpath"/>
    <path refid="library.maven:_org.slf4j:jcl-over-slf4j:1.7.16.classpath"/>
    <path refid="library.maven:_log4j:log4j:1.2.17.classpath"/>
    <path refid="library.maven:_org.slf4j:slf4j-log4j12:1.7.16.classpath"/>
    <path refid="library.maven:_com.ning:compress-lzf:1.0.3.classpath"/>
    <path refid="library.maven:_org.xerial.snappy:snappy-java:1.1.2.6.classpath"/>
    <path refid="library.maven:_net.jpountz.lz4:lz4:1.3.0.classpath"/>
    <path refid="library.maven:_org.roaringbitmap:roaringbitmap:0.5.11.classpath"/>
    <path refid="library.maven:_commons-net:commons-net:2.2.classpath"/>
    <path refid="library.maven:_org.scala-lang:scala-library:2.11.8.classpath"/>
    <path refid="library.maven:_org.json4s:json4s-jackson_2.11:3.2.11.classpath"/>
    <path refid="library.maven:_org.json4s:json4s-core_2.11:3.2.11.classpath"/>
    <path refid="library.maven:_org.json4s:json4s-ast_2.11:3.2.11.classpath"/>
    <path refid="library.maven:_org.scala-lang:scalap:2.11.0.classpath"/>
    <path refid="library.maven:_org.scala-lang:scala-compiler:2.11.0.classpath"/>
    <path refid="library.maven:_org.scala-lang.modules:scala-xml_2.11:1.0.1.classpath"/>
    <path refid="library.maven:_org.glassfish.jersey.core:jersey-client:2.22.2.classpath"/>
    <path refid="library.maven:_javax.ws.rs:javax.ws.rs-api:2.0.1.classpath"/>
    <path refid="library.maven:_org.glassfish.hk2:hk2-api:2.4.0-b34.classpath"/>
    <path refid="library.maven:_org.glassfish.hk2:hk2-utils:2.4.0-b34.classpath"/>
    <path refid="library.maven:_org.glassfish.hk2.external:aopalliance-repackaged:2.4.0-b34.classpath"/>
    <path refid="library.maven:_org.glassfish.hk2.external:javax.inject:2.4.0-b34.classpath"/>
    <path refid="library.maven:_org.glassfish.hk2:hk2-locator:2.4.0-b34.classpath"/>
    <path refid="library.maven:_org.javassist:javassist:3.18.1-ga.classpath"/>
    <path refid="library.maven:_org.glassfish.jersey.core:jersey-common:2.22.2.classpath"/>
    <path refid="library.maven:_javax.annotation:javax.annotation-api:1.2.classpath"/>
    <path refid="library.maven:_org.glassfish.jersey.bundles.repackaged:jersey-guava:2.22.2.classpath"/>
    <path refid="library.maven:_org.glassfish.hk2:osgi-resource-locator:1.0.1.classpath"/>
    <path refid="library.maven:_org.glassfish.jersey.core:jersey-server:2.22.2.classpath"/>
    <path refid="library.maven:_org.glassfish.jersey.media:jersey-media-jaxb:2.22.2.classpath"/>
    <path refid="library.maven:_javax.validation:validation-api:1.1.0.final.classpath"/>
    <path refid="library.maven:_org.glassfish.jersey.containers:jersey-container-servlet:2.22.2.classpath"/>
    <path refid="library.maven:_org.glassfish.jersey.containers:jersey-container-servlet-core:2.22.2.classpath"/>
    <path refid="library.maven:_io.netty:netty-all:4.0.43.final.classpath"/>
    <path refid="library.maven:_io.netty:netty:3.9.9.final.classpath"/>
    <path refid="library.maven:_com.clearspring.analytics:stream:2.7.0.classpath"/>
    <path refid="library.maven:_io.dropwizard.metrics:metrics-core:3.1.2.classpath"/>
    <path refid="library.maven:_io.dropwizard.metrics:metrics-jvm:3.1.2.classpath"/>
    <path refid="library.maven:_io.dropwizard.metrics:metrics-json:3.1.2.classpath"/>
    <path refid="library.maven:_io.dropwizard.metrics:metrics-graphite:3.1.2.classpath"/>
    <path refid="library.maven:_com.fasterxml.jackson.core:jackson-databind:2.6.5.classpath"/>
    <path refid="library.maven:_com.fasterxml.jackson.module:jackson-module-scala_2.11:2.6.5.classpath"/>
    <path refid="library.maven:_org.scala-lang:scala-reflect:2.11.7.classpath"/>
    <path refid="library.maven:_com.fasterxml.jackson.module:jackson-module-paranamer:2.6.5.classpath"/>
    <path refid="library.maven:_org.apache.ivy:ivy:2.4.0.classpath"/>
    <path refid="library.maven:_oro:oro:2.0.8.classpath"/>
    <path refid="library.maven:_net.razorvine:pyrolite:4.13.classpath"/>
    <path refid="library.maven:_net.sf.py4j:py4j:0.10.4.classpath"/>
    <path refid="library.maven:_org.apache.commons:commons-crypto:1.0.0.classpath"/>
    <path refid="library.maven:_org.apache.spark:spark-sql_2.11:2.2.1.classpath"/>
    <path refid="library.maven:_com.univocity:univocity-parsers:2.2.1.classpath"/>
    <path refid="library.maven:_org.apache.spark:spark-sketch_2.11:2.2.1.classpath"/>
    <path refid="library.maven:_org.apache.spark:spark-catalyst_2.11:2.2.1.classpath"/>
    <path refid="library.maven:_org.codehaus.janino:janino:3.0.0.classpath"/>
    <path refid="library.maven:_org.codehaus.janino:commons-compiler:3.0.0.classpath"/>
    <path refid="library.maven:_org.antlr:antlr4-runtime:4.5.3.classpath"/>
    <path refid="library.maven:_org.apache.parquet:parquet-column:1.8.2.classpath"/>
    <path refid="library.maven:_org.apache.parquet:parquet-common:1.8.2.classpath"/>
    <path refid="library.maven:_org.apache.parquet:parquet-encoding:1.8.2.classpath"/>
    <path refid="library.maven:_org.apache.parquet:parquet-hadoop:1.8.2.classpath"/>
    <path refid="library.maven:_org.apache.parquet:parquet-format:2.3.1.classpath"/>
    <path refid="library.maven:_org.apache.parquet:parquet-jackson:1.8.2.classpath"/>
    <path refid="library.maven:_org.apache.spark:spark-streaming_2.11:2.2.1.classpath"/>
    <path refid="library.maven:_org.apache.spark:spark-hive_2.11:2.2.1.classpath"/>
    <path refid="library.maven:_com.twitter:parquet-hadoop-bundle:1.6.0.classpath"/>
    <path refid="library.maven:_org.spark-project.hive:hive-exec:1.2.1.spark2.classpath"/>
    <path refid="library.maven:_commons-io:commons-io:2.4.classpath"/>
    <path refid="library.maven:_commons-lang:commons-lang:2.6.classpath"/>
    <path refid="library.maven:_javolution:javolution:5.5.1.classpath"/>
    <path refid="library.maven:_log4j:apache-log4j-extras:1.2.17.classpath"/>
    <path refid="library.maven:_org.antlr:antlr-runtime:3.4.classpath"/>
    <path refid="library.maven:_org.antlr:stringtemplate:3.2.1.classpath"/>
    <path refid="library.maven:_antlr:antlr:2.7.7.classpath"/>
    <path refid="library.maven:_org.antlr:st4:4.0.4.classpath"/>
    <path refid="library.maven:_com.googlecode.javaewah:javaewah:0.3.2.classpath"/>
    <path refid="library.maven:_org.iq80.snappy:snappy:0.2.classpath"/>
    <path refid="library.maven:_stax:stax-api:1.0.1.classpath"/>
    <path refid="library.maven:_net.sf.opencsv:opencsv:2.3.classpath"/>
    <path refid="library.maven:_org.spark-project.hive:hive-metastore:1.2.1.spark2.classpath"/>
    <path refid="library.maven:_com.jolbox:bonecp:0.8.0.release.classpath"/>
    <path refid="library.maven:_commons-cli:commons-cli:1.2.classpath"/>
    <path refid="library.maven:_commons-logging:commons-logging:1.1.3.classpath"/>
    <path refid="library.maven:_org.datanucleus:datanucleus-api-jdo:3.2.6.classpath"/>
    <path refid="library.maven:_org.datanucleus:datanucleus-rdbms:3.2.9.classpath"/>
    <path refid="library.maven:_commons-pool:commons-pool:1.5.4.classpath"/>
    <path refid="library.maven:_commons-dbcp:commons-dbcp:1.4.classpath"/>
    <path refid="library.maven:_javax.jdo:jdo-api:3.0.1.classpath"/>
    <path refid="library.maven:_javax.transaction:jta:1.1.classpath"/>
    <path refid="library.maven:_commons-httpclient:commons-httpclient:3.1.classpath"/>
    <path refid="library.maven:_org.apache.calcite:calcite-avatica:1.2.0-incubating.classpath"/>
    <path refid="library.maven:_org.apache.calcite:calcite-core:1.2.0-incubating.classpath"/>
    <path refid="library.maven:_org.apache.calcite:calcite-linq4j:1.2.0-incubating.classpath"/>
    <path refid="library.maven:_net.hydromatic:eigenbase-properties:1.1.5.classpath"/>
    <path refid="library.maven:_org.apache.httpcomponents:httpclient:4.5.2.classpath"/>
    <path refid="library.maven:_org.codehaus.jackson:jackson-mapper-asl:1.9.13.classpath"/>
    <path refid="library.maven:_commons-codec:commons-codec:1.10.classpath"/>
    <path refid="library.maven:_joda-time:joda-time:2.9.3.classpath"/>
    <path refid="library.maven:_org.jodd:jodd-core:3.5.2.classpath"/>
    <path refid="library.maven:_org.datanucleus:datanucleus-core:3.2.10.classpath"/>
    <path refid="library.maven:_org.apache.thrift:libthrift:0.9.3.classpath"/>
    <path refid="library.maven:_org.apache.thrift:libfb303:0.9.3.classpath"/>
    <path refid="library.maven:_org.apache.derby:derby:10.12.1.1.classpath"/>
    <path refid="library.maven:_org.apache.spark:spark-streaming-kafka-0-10_2.11:2.2.1.classpath"/>
    <path refid="library.maven:_org.apache.kafka:kafka_2.11:0.10.0.1.classpath"/>
    <path refid="library.maven:_com.yammer.metrics:metrics-core:2.2.0.classpath"/>
    <path refid="library.maven:_org.scala-lang.modules:scala-parser-combinators_2.11:1.0.4.classpath"/>
    <path refid="library.maven:_org.elasticsearch:elasticsearch-spark_2.11:2.4.5.classpath"/>
    <path refid="library.maven:_org.elasticsearch:elasticsearch:5.3.0.classpath"/>
    <path refid="library.maven:_org.apache.lucene:lucene-core:6.4.1.classpath"/>
    <path refid="library.maven:_org.apache.lucene:lucene-analyzers-common:6.4.1.classpath"/>
    <path refid="library.maven:_org.apache.lucene:lucene-backward-codecs:6.4.1.classpath"/>
    <path refid="library.maven:_org.apache.lucene:lucene-grouping:6.4.1.classpath"/>
    <path refid="library.maven:_org.apache.lucene:lucene-highlighter:6.4.1.classpath"/>
    <path refid="library.maven:_org.apache.lucene:lucene-join:6.4.1.classpath"/>
    <path refid="library.maven:_org.apache.lucene:lucene-memory:6.4.1.classpath"/>
    <path refid="library.maven:_org.apache.lucene:lucene-misc:6.4.1.classpath"/>
    <path refid="library.maven:_org.apache.lucene:lucene-queries:6.4.1.classpath"/>
    <path refid="library.maven:_org.apache.lucene:lucene-queryparser:6.4.1.classpath"/>
    <path refid="library.maven:_org.apache.lucene:lucene-sandbox:6.4.1.classpath"/>
    <path refid="library.maven:_org.apache.lucene:lucene-spatial:6.4.1.classpath"/>
    <path refid="library.maven:_org.apache.lucene:lucene-spatial-extras:6.4.1.classpath"/>
    <path refid="library.maven:_org.apache.lucene:lucene-spatial3d:6.4.1.classpath"/>
    <path refid="library.maven:_org.apache.lucene:lucene-suggest:6.4.1.classpath"/>
    <path refid="library.maven:_org.elasticsearch:securesm:1.1.classpath"/>
    <path refid="library.maven:_net.sf.jopt-simple:jopt-simple:5.0.2.classpath"/>
    <path refid="library.maven:_com.carrotsearch:hppc:0.7.1.classpath"/>
    <path refid="library.maven:_org.yaml:snakeyaml:1.15.classpath"/>
    <path refid="library.maven:_com.fasterxml.jackson.core:jackson-core:2.8.6.classpath"/>
    <path refid="library.maven:_com.fasterxml.jackson.dataformat:jackson-dataformat-smile:2.8.6.classpath"/>
    <path refid="library.maven:_com.fasterxml.jackson.dataformat:jackson-dataformat-yaml:2.8.6.classpath"/>
    <path refid="library.maven:_com.fasterxml.jackson.dataformat:jackson-dataformat-cbor:2.8.6.classpath"/>
    <path refid="library.maven:_com.tdunning:t-digest:3.0.classpath"/>
    <path refid="library.maven:_org.hdrhistogram:hdrhistogram:2.1.6.classpath"/>
    <path refid="library.maven:_net.java.dev.jna:jna:4.2.2.classpath"/>
    <path refid="library.maven:_junit:junit:4.10.classpath"/>
    <path refid="library.maven:_org.hamcrest:hamcrest-core:1.1.classpath"/>
    <path refid="library.maven:_org.assertj:assertj-core:3.3.0.classpath"/>
    <path refid="library.scala-sdk-2.11.8.classpath"/>
  </path>
  
  <path id="spfm.runtime.module.classpath">
    <pathelement location="${spfm.testoutput.dir}"/>
    <pathelement location="${spfm.output.dir}"/>
    <path refid="library.maven:_org.apache.spark:spark-sql-kafka-0-10_2.11:2.2.1.classpath"/>
    <path refid="library.maven:_org.apache.kafka:kafka-clients:0.10.0.1.classpath"/>
    <path refid="library.maven:_org.apache.spark:spark-tags_2.11:2.2.1.classpath"/>
    <path refid="library.maven:_org.spark-project.spark:unused:1.0.0.classpath"/>
    <path refid="library.maven:_io.confluent:kafka-avro-serializer:3.3.0.classpath"/>
    <path refid="library.maven:_org.apache.avro:avro:1.8.2.classpath"/>
    <path refid="library.maven:_org.codehaus.jackson:jackson-core-asl:1.9.13.classpath"/>
    <path refid="library.maven:_com.thoughtworks.paranamer:paranamer:2.7.classpath"/>
    <path refid="library.maven:_org.apache.commons:commons-compress:1.8.1.classpath"/>
    <path refid="library.maven:_org.tukaani:xz:1.5.classpath"/>
    <path refid="library.maven:_io.confluent:kafka-schema-registry-client:3.3.0.classpath"/>
    <path refid="library.maven:_io.confluent:common-config:3.3.0.classpath"/>
    <path refid="library.maven:_io.confluent:common-utils:3.3.0.classpath"/>
    <path refid="library.maven:_org.apache.zookeeper:zookeeper:3.4.8.classpath"/>
    <path refid="library.maven:_jline:jline:0.9.94.classpath"/>
    <path refid="library.maven:_com.101tec:zkclient:0.10.classpath"/>
    <path refid="library.maven:_com.typesafe:config:1.3.1.classpath"/>
    <path refid="library.maven:_org.apache.spark:spark-core_2.11:2.2.1.classpath"/>
    <path refid="library.maven:_org.apache.avro:avro-mapred:hadoop2:1.7.7.classpath"/>
    <path refid="library.maven:_org.apache.avro:avro-ipc:1.7.7.classpath"/>
    <path refid="library.maven:_org.apache.avro:avro-ipc:tests:1.7.7.classpath"/>
    <path refid="library.maven:_com.twitter:chill_2.11:0.8.0.classpath"/>
    <path refid="library.maven:_com.esotericsoftware:kryo-shaded:3.0.3.classpath"/>
    <path refid="library.maven:_com.esotericsoftware:minlog:1.3.0.classpath"/>
    <path refid="library.maven:_org.objenesis:objenesis:2.1.classpath"/>
    <path refid="library.maven:_com.twitter:chill-java:0.8.0.classpath"/>
    <path refid="library.maven:_org.apache.xbean:xbean-asm5-shaded:4.4.classpath"/>
    <path refid="library.maven:_org.apache.hadoop:hadoop-client:2.6.5.classpath"/>
    <path refid="library.maven:_org.apache.hadoop:hadoop-common:2.6.5.classpath"/>
    <path refid="library.maven:_xmlenc:xmlenc:0.52.classpath"/>
    <path refid="library.maven:_commons-collections:commons-collections:3.2.2.classpath"/>
    <path refid="library.maven:_commons-configuration:commons-configuration:1.6.classpath"/>
    <path refid="library.maven:_commons-digester:commons-digester:1.8.classpath"/>
    <path refid="library.maven:_commons-beanutils:commons-beanutils:1.7.0.classpath"/>
    <path refid="library.maven:_commons-beanutils:commons-beanutils-core:1.8.0.classpath"/>
    <path refid="library.maven:_com.google.protobuf:protobuf-java:2.5.0.classpath"/>
    <path refid="library.maven:_com.google.code.gson:gson:2.2.4.classpath"/>
    <path refid="library.maven:_org.apache.hadoop:hadoop-auth:2.6.5.classpath"/>
    <path refid="library.maven:_org.apache.directory.server:apacheds-kerberos-codec:2.0.0-m15.classpath"/>
    <path refid="library.maven:_org.apache.directory.server:apacheds-i18n:2.0.0-m15.classpath"/>
    <path refid="library.maven:_org.apache.directory.api:api-asn1-api:1.0.0-m20.classpath"/>
    <path refid="library.maven:_org.apache.directory.api:api-util:1.0.0-m20.classpath"/>
    <path refid="library.maven:_org.apache.curator:curator-client:2.6.0.classpath"/>
    <path refid="library.maven:_org.htrace:htrace-core:3.0.4.classpath"/>
    <path refid="library.maven:_org.apache.hadoop:hadoop-hdfs:2.6.5.classpath"/>
    <path refid="library.maven:_org.mortbay.jetty:jetty-util:6.1.26.classpath"/>
    <path refid="library.maven:_xerces:xercesimpl:2.9.1.classpath"/>
    <path refid="library.maven:_xml-apis:xml-apis:1.3.04.classpath"/>
    <path refid="library.maven:_org.apache.hadoop:hadoop-mapreduce-client-app:2.6.5.classpath"/>
    <path refid="library.maven:_org.apache.hadoop:hadoop-mapreduce-client-common:2.6.5.classpath"/>
    <path refid="library.maven:_org.apache.hadoop:hadoop-yarn-client:2.6.5.classpath"/>
    <path refid="library.maven:_org.apache.hadoop:hadoop-yarn-server-common:2.6.5.classpath"/>
    <path refid="library.maven:_org.apache.hadoop:hadoop-mapreduce-client-shuffle:2.6.5.classpath"/>
    <path refid="library.maven:_org.apache.hadoop:hadoop-yarn-api:2.6.5.classpath"/>
    <path refid="library.maven:_org.apache.hadoop:hadoop-mapreduce-client-core:2.6.5.classpath"/>
    <path refid="library.maven:_org.apache.hadoop:hadoop-yarn-common:2.6.5.classpath"/>
    <path refid="library.maven:_javax.xml.bind:jaxb-api:2.2.2.classpath"/>
    <path refid="library.maven:_javax.xml.stream:stax-api:1.0-2.classpath"/>
    <path refid="library.maven:_org.codehaus.jackson:jackson-jaxrs:1.9.13.classpath"/>
    <path refid="library.maven:_org.codehaus.jackson:jackson-xc:1.9.13.classpath"/>
    <path refid="library.maven:_org.apache.hadoop:hadoop-mapreduce-client-jobclient:2.6.5.classpath"/>
    <path refid="library.maven:_org.apache.hadoop:hadoop-annotations:2.6.5.classpath"/>
    <path refid="library.maven:_org.apache.spark:spark-launcher_2.11:2.2.1.classpath"/>
    <path refid="library.maven:_org.apache.spark:spark-network-common_2.11:2.2.1.classpath"/>
    <path refid="library.maven:_org.fusesource.leveldbjni:leveldbjni-all:1.8.classpath"/>
    <path refid="library.maven:_com.fasterxml.jackson.core:jackson-annotations:2.6.5.classpath"/>
    <path refid="library.maven:_org.apache.spark:spark-network-shuffle_2.11:2.2.1.classpath"/>
    <path refid="library.maven:_org.apache.spark:spark-unsafe_2.11:2.2.1.classpath"/>
    <path refid="library.maven:_net.java.dev.jets3t:jets3t:0.9.3.classpath"/>
    <path refid="library.maven:_org.apache.httpcomponents:httpcore:4.3.3.classpath"/>
    <path refid="library.maven:_javax.activation:activation:1.1.1.classpath"/>
    <path refid="library.maven:_mx4j:mx4j:3.0.2.classpath"/>
    <path refid="library.maven:_javax.mail:mail:1.4.7.classpath"/>
    <path refid="library.maven:_org.bouncycastle:bcprov-jdk15on:1.51.classpath"/>
    <path refid="library.maven:_com.jamesmurty.utils:java-xmlbuilder:1.0.classpath"/>
    <path refid="library.maven:_net.iharder:base64:2.3.8.classpath"/>
    <path refid="library.maven:_org.apache.curator:curator-recipes:2.6.0.classpath"/>
    <path refid="library.maven:_org.apache.curator:curator-framework:2.6.0.classpath"/>
    <path refid="library.maven:_com.google.guava:guava:16.0.1.classpath"/>
    <path refid="library.maven:_javax.servlet:javax.servlet-api:3.1.0.classpath"/>
    <path refid="library.maven:_org.apache.commons:commons-lang3:3.5.classpath"/>
    <path refid="library.maven:_org.apache.commons:commons-math3:3.4.1.classpath"/>
    <path refid="library.maven:_com.google.code.findbugs:jsr305:1.3.9.classpath"/>
    <path refid="library.maven:_org.slf4j:slf4j-api:1.7.16.classpath"/>
    <path refid="library.maven:_org.slf4j:jul-to-slf4j:1.7.16.classpath"/>
    <path refid="library.maven:_org.slf4j:jcl-over-slf4j:1.7.16.classpath"/>
    <path refid="library.maven:_log4j:log4j:1.2.17.classpath"/>
    <path refid="library.maven:_org.slf4j:slf4j-log4j12:1.7.16.classpath"/>
    <path refid="library.maven:_com.ning:compress-lzf:1.0.3.classpath"/>
    <path refid="library.maven:_org.xerial.snappy:snappy-java:1.1.2.6.classpath"/>
    <path refid="library.maven:_net.jpountz.lz4:lz4:1.3.0.classpath"/>
    <path refid="library.maven:_org.roaringbitmap:roaringbitmap:0.5.11.classpath"/>
    <path refid="library.maven:_commons-net:commons-net:2.2.classpath"/>
    <path refid="library.maven:_org.scala-lang:scala-library:2.11.8.classpath"/>
    <path refid="library.maven:_org.json4s:json4s-jackson_2.11:3.2.11.classpath"/>
    <path refid="library.maven:_org.json4s:json4s-core_2.11:3.2.11.classpath"/>
    <path refid="library.maven:_org.json4s:json4s-ast_2.11:3.2.11.classpath"/>
    <path refid="library.maven:_org.scala-lang:scalap:2.11.0.classpath"/>
    <path refid="library.maven:_org.scala-lang:scala-compiler:2.11.0.classpath"/>
    <path refid="library.maven:_org.scala-lang.modules:scala-xml_2.11:1.0.1.classpath"/>
    <path refid="library.maven:_org.glassfish.jersey.core:jersey-client:2.22.2.classpath"/>
    <path refid="library.maven:_javax.ws.rs:javax.ws.rs-api:2.0.1.classpath"/>
    <path refid="library.maven:_org.glassfish.hk2:hk2-api:2.4.0-b34.classpath"/>
    <path refid="library.maven:_org.glassfish.hk2:hk2-utils:2.4.0-b34.classpath"/>
    <path refid="library.maven:_org.glassfish.hk2.external:aopalliance-repackaged:2.4.0-b34.classpath"/>
    <path refid="library.maven:_org.glassfish.hk2.external:javax.inject:2.4.0-b34.classpath"/>
    <path refid="library.maven:_org.glassfish.hk2:hk2-locator:2.4.0-b34.classpath"/>
    <path refid="library.maven:_org.javassist:javassist:3.18.1-ga.classpath"/>
    <path refid="library.maven:_org.glassfish.jersey.core:jersey-common:2.22.2.classpath"/>
    <path refid="library.maven:_javax.annotation:javax.annotation-api:1.2.classpath"/>
    <path refid="library.maven:_org.glassfish.jersey.bundles.repackaged:jersey-guava:2.22.2.classpath"/>
    <path refid="library.maven:_org.glassfish.hk2:osgi-resource-locator:1.0.1.classpath"/>
    <path refid="library.maven:_org.glassfish.jersey.core:jersey-server:2.22.2.classpath"/>
    <path refid="library.maven:_org.glassfish.jersey.media:jersey-media-jaxb:2.22.2.classpath"/>
    <path refid="library.maven:_javax.validation:validation-api:1.1.0.final.classpath"/>
    <path refid="library.maven:_org.glassfish.jersey.containers:jersey-container-servlet:2.22.2.classpath"/>
    <path refid="library.maven:_org.glassfish.jersey.containers:jersey-container-servlet-core:2.22.2.classpath"/>
    <path refid="library.maven:_io.netty:netty-all:4.0.43.final.classpath"/>
    <path refid="library.maven:_io.netty:netty:3.9.9.final.classpath"/>
    <path refid="library.maven:_com.clearspring.analytics:stream:2.7.0.classpath"/>
    <path refid="library.maven:_io.dropwizard.metrics:metrics-core:3.1.2.classpath"/>
    <path refid="library.maven:_io.dropwizard.metrics:metrics-jvm:3.1.2.classpath"/>
    <path refid="library.maven:_io.dropwizard.metrics:metrics-json:3.1.2.classpath"/>
    <path refid="library.maven:_io.dropwizard.metrics:metrics-graphite:3.1.2.classpath"/>
    <path refid="library.maven:_com.fasterxml.jackson.core:jackson-databind:2.6.5.classpath"/>
    <path refid="library.maven:_com.fasterxml.jackson.module:jackson-module-scala_2.11:2.6.5.classpath"/>
    <path refid="library.maven:_org.scala-lang:scala-reflect:2.11.7.classpath"/>
    <path refid="library.maven:_com.fasterxml.jackson.module:jackson-module-paranamer:2.6.5.classpath"/>
    <path refid="library.maven:_org.apache.ivy:ivy:2.4.0.classpath"/>
    <path refid="library.maven:_oro:oro:2.0.8.classpath"/>
    <path refid="library.maven:_net.razorvine:pyrolite:4.13.classpath"/>
    <path refid="library.maven:_net.sf.py4j:py4j:0.10.4.classpath"/>
    <path refid="library.maven:_org.apache.commons:commons-crypto:1.0.0.classpath"/>
    <path refid="library.maven:_org.apache.spark:spark-sql_2.11:2.2.1.classpath"/>
    <path refid="library.maven:_com.univocity:univocity-parsers:2.2.1.classpath"/>
    <path refid="library.maven:_org.apache.spark:spark-sketch_2.11:2.2.1.classpath"/>
    <path refid="library.maven:_org.apache.spark:spark-catalyst_2.11:2.2.1.classpath"/>
    <path refid="library.maven:_org.codehaus.janino:janino:3.0.0.classpath"/>
    <path refid="library.maven:_org.codehaus.janino:commons-compiler:3.0.0.classpath"/>
    <path refid="library.maven:_org.antlr:antlr4-runtime:4.5.3.classpath"/>
    <path refid="library.maven:_org.apache.parquet:parquet-column:1.8.2.classpath"/>
    <path refid="library.maven:_org.apache.parquet:parquet-common:1.8.2.classpath"/>
    <path refid="library.maven:_org.apache.parquet:parquet-encoding:1.8.2.classpath"/>
    <path refid="library.maven:_org.apache.parquet:parquet-hadoop:1.8.2.classpath"/>
    <path refid="library.maven:_org.apache.parquet:parquet-format:2.3.1.classpath"/>
    <path refid="library.maven:_org.apache.parquet:parquet-jackson:1.8.2.classpath"/>
    <path refid="library.maven:_org.apache.spark:spark-streaming_2.11:2.2.1.classpath"/>
    <path refid="library.maven:_org.apache.spark:spark-hive_2.11:2.2.1.classpath"/>
    <path refid="library.maven:_com.twitter:parquet-hadoop-bundle:1.6.0.classpath"/>
    <path refid="library.maven:_org.spark-project.hive:hive-exec:1.2.1.spark2.classpath"/>
    <path refid="library.maven:_commons-io:commons-io:2.4.classpath"/>
    <path refid="library.maven:_commons-lang:commons-lang:2.6.classpath"/>
    <path refid="library.maven:_javolution:javolution:5.5.1.classpath"/>
    <path refid="library.maven:_log4j:apache-log4j-extras:1.2.17.classpath"/>
    <path refid="library.maven:_org.antlr:antlr-runtime:3.4.classpath"/>
    <path refid="library.maven:_org.antlr:stringtemplate:3.2.1.classpath"/>
    <path refid="library.maven:_antlr:antlr:2.7.7.classpath"/>
    <path refid="library.maven:_org.antlr:st4:4.0.4.classpath"/>
    <path refid="library.maven:_com.googlecode.javaewah:javaewah:0.3.2.classpath"/>
    <path refid="library.maven:_org.iq80.snappy:snappy:0.2.classpath"/>
    <path refid="library.maven:_stax:stax-api:1.0.1.classpath"/>
    <path refid="library.maven:_net.sf.opencsv:opencsv:2.3.classpath"/>
    <path refid="library.maven:_org.spark-project.hive:hive-metastore:1.2.1.spark2.classpath"/>
    <path refid="library.maven:_com.jolbox:bonecp:0.8.0.release.classpath"/>
    <path refid="library.maven:_commons-cli:commons-cli:1.2.classpath"/>
    <path refid="library.maven:_commons-logging:commons-logging:1.1.3.classpath"/>
    <path refid="library.maven:_org.datanucleus:datanucleus-api-jdo:3.2.6.classpath"/>
    <path refid="library.maven:_org.datanucleus:datanucleus-rdbms:3.2.9.classpath"/>
    <path refid="library.maven:_commons-pool:commons-pool:1.5.4.classpath"/>
    <path refid="library.maven:_commons-dbcp:commons-dbcp:1.4.classpath"/>
    <path refid="library.maven:_javax.jdo:jdo-api:3.0.1.classpath"/>
    <path refid="library.maven:_javax.transaction:jta:1.1.classpath"/>
    <path refid="library.maven:_commons-httpclient:commons-httpclient:3.1.classpath"/>
    <path refid="library.maven:_org.apache.calcite:calcite-avatica:1.2.0-incubating.classpath"/>
    <path refid="library.maven:_org.apache.calcite:calcite-core:1.2.0-incubating.classpath"/>
    <path refid="library.maven:_org.apache.calcite:calcite-linq4j:1.2.0-incubating.classpath"/>
    <path refid="library.maven:_net.hydromatic:eigenbase-properties:1.1.5.classpath"/>
    <path refid="library.maven:_org.apache.httpcomponents:httpclient:4.5.2.classpath"/>
    <path refid="library.maven:_org.codehaus.jackson:jackson-mapper-asl:1.9.13.classpath"/>
    <path refid="library.maven:_commons-codec:commons-codec:1.10.classpath"/>
    <path refid="library.maven:_joda-time:joda-time:2.9.3.classpath"/>
    <path refid="library.maven:_org.jodd:jodd-core:3.5.2.classpath"/>
    <path refid="library.maven:_org.datanucleus:datanucleus-core:3.2.10.classpath"/>
    <path refid="library.maven:_org.apache.thrift:libthrift:0.9.3.classpath"/>
    <path refid="library.maven:_org.apache.thrift:libfb303:0.9.3.classpath"/>
    <path refid="library.maven:_org.apache.derby:derby:10.12.1.1.classpath"/>
    <path refid="library.maven:_org.apache.spark:spark-streaming-kafka-0-10_2.11:2.2.1.classpath"/>
    <path refid="library.maven:_org.apache.kafka:kafka_2.11:0.10.0.1.classpath"/>
    <path refid="library.maven:_com.yammer.metrics:metrics-core:2.2.0.classpath"/>
    <path refid="library.maven:_org.scala-lang.modules:scala-parser-combinators_2.11:1.0.4.classpath"/>
    <path refid="library.maven:_org.elasticsearch:elasticsearch-spark_2.11:2.4.5.classpath"/>
    <path refid="library.maven:_org.elasticsearch:elasticsearch:5.3.0.classpath"/>
    <path refid="library.maven:_org.apache.lucene:lucene-core:6.4.1.classpath"/>
    <path refid="library.maven:_org.apache.lucene:lucene-analyzers-common:6.4.1.classpath"/>
    <path refid="library.maven:_org.apache.lucene:lucene-backward-codecs:6.4.1.classpath"/>
    <path refid="library.maven:_org.apache.lucene:lucene-grouping:6.4.1.classpath"/>
    <path refid="library.maven:_org.apache.lucene:lucene-highlighter:6.4.1.classpath"/>
    <path refid="library.maven:_org.apache.lucene:lucene-join:6.4.1.classpath"/>
    <path refid="library.maven:_org.apache.lucene:lucene-memory:6.4.1.classpath"/>
    <path refid="library.maven:_org.apache.lucene:lucene-misc:6.4.1.classpath"/>
    <path refid="library.maven:_org.apache.lucene:lucene-queries:6.4.1.classpath"/>
    <path refid="library.maven:_org.apache.lucene:lucene-queryparser:6.4.1.classpath"/>
    <path refid="library.maven:_org.apache.lucene:lucene-sandbox:6.4.1.classpath"/>
    <path refid="library.maven:_org.apache.lucene:lucene-spatial:6.4.1.classpath"/>
    <path refid="library.maven:_org.apache.lucene:lucene-spatial-extras:6.4.1.classpath"/>
    <path refid="library.maven:_org.apache.lucene:lucene-spatial3d:6.4.1.classpath"/>
    <path refid="library.maven:_org.apache.lucene:lucene-suggest:6.4.1.classpath"/>
    <path refid="library.maven:_org.elasticsearch:securesm:1.1.classpath"/>
    <path refid="library.maven:_net.sf.jopt-simple:jopt-simple:5.0.2.classpath"/>
    <path refid="library.maven:_com.carrotsearch:hppc:0.7.1.classpath"/>
    <path refid="library.maven:_org.yaml:snakeyaml:1.15.classpath"/>
    <path refid="library.maven:_com.fasterxml.jackson.core:jackson-core:2.8.6.classpath"/>
    <path refid="library.maven:_com.fasterxml.jackson.dataformat:jackson-dataformat-smile:2.8.6.classpath"/>
    <path refid="library.maven:_com.fasterxml.jackson.dataformat:jackson-dataformat-yaml:2.8.6.classpath"/>
    <path refid="library.maven:_com.fasterxml.jackson.dataformat:jackson-dataformat-cbor:2.8.6.classpath"/>
    <path refid="library.maven:_com.tdunning:t-digest:3.0.classpath"/>
    <path refid="library.maven:_org.hdrhistogram:hdrhistogram:2.1.6.classpath"/>
    <path refid="library.maven:_net.java.dev.jna:jna:4.2.2.classpath"/>
    <path refid="library.maven:_junit:junit:4.10.classpath"/>
    <path refid="library.maven:_org.hamcrest:hamcrest-core:1.1.classpath"/>
    <path refid="library.maven:_org.assertj:assertj-core:3.3.0.classpath"/>
    <path refid="library.scala-sdk-2.11.8.classpath"/>
  </path>
  
  
  <patternset id="excluded.from.module.spfm">
    <patternset refid="ignored.files"/>
  </patternset>
  
  <patternset id="excluded.from.compilation.spfm">
    <patternset refid="excluded.from.module.spfm"/>
  </patternset>
  
  <path id="spfm.module.sourcepath">
    <dirset dir="${module.spfm.basedir}">
      <include name="src/main/resources"/>
    </dirset>
  </path>
  
  
  <target name="compile.module.spfm" depends="compile.module.spfm.production,compile.module.spfm.tests" description="Compile module SPFM"/>
  
  <target name="compile.module.spfm.production" depends="register.custom.compilers" description="Compile module SPFM; production classes">
    <mkdir dir="${spfm.output.dir}"/>
    <javac2 destdir="${spfm.output.dir}" debug="${compiler.debug}" nowarn="${compiler.generate.no.warnings}" memorymaximumsize="${compiler.max.memory}" fork="true" executable="${module.jdk.bin.spfm}/javac">
      <compilerarg line="${compiler.args.spfm}"/>
      <bootclasspath refid="spfm.module.bootclasspath"/>
      <classpath refid="spfm.module.production.classpath"/>
      <src refid="spfm.module.sourcepath"/>
      <patternset refid="excluded.from.compilation.spfm"/>
    </javac2>
    
    <copy todir="${spfm.output.dir}">
      <fileset dir="${module.spfm.basedir}/src/main/resources">
        <patternset refid="compiler.resources"/>
        <type type="file"/>
      </fileset>
    </copy>
  </target>
  
  <target name="compile.module.spfm.tests" depends="register.custom.compilers,compile.module.spfm.production" description="compile module SPFM; test classes" unless="skip.tests"/>
  
  <target name="clean.module.spfm" description="cleanup module">
    <delete dir="${spfm.output.dir}"/>
    <delete dir="${spfm.testoutput.dir}"/>
  </target>
</project>