<?xml version="1.0" encoding="UTF-8"?>
<project xmlns="http://maven.apache.org/POM/4.0.0" xmlns:xsi="http://www.w3.org/2001/XMLSchema-instance" xsi:schemaLocation="http://maven.apache.org/POM/4.0.0 http://maven.apache.org/maven-v4_0_0.xsd">

  <modelVersion>4.0.0</modelVersion>

  <groupId>.com.keepcoding</groupId>
  <artifactId>PracticaFinal</artifactId>
  <packaging>jar</packaging>
  <version>1.0-SNAPSHOT</version>

  <name>Practica Final Spark y Scala</name>

  <properties>
    <project.build.sourceEncoding>UTF-8</project.build.sourceEncoding>
    <project.reporting.outputEncoding>UTF-8</project.reporting.outputEncoding>
    <kafka.version>0.10</kafka.version>
    <spark.version>2.2.1</spark.version>
    <scala.tools.version>2.15.2</scala.tools.version>
    <scala.version>2.11</scala.version>
  </properties>


  <dependencies>

    <!-- scala -->
    <dependency>
      <groupId>org.scala-lang</groupId>
      <artifactId>scala-library</artifactId>
      <version>2.11.7</version>
    </dependency>
    <dependency>
      <groupId>org.scala-lang.modules</groupId>
      <artifactId>scala-xml_2.11</artifactId>
      <version>1.0.6</version>
    </dependency>

    <dependency>
      <groupId>org.apache.spark</groupId>
      <artifactId>spark-core_2.11</artifactId>
      <version>2.2.1</version>
    </dependency>

    <dependency>
      <groupId>org.apache.spark</groupId>
      <artifactId>spark-sql_2.11</artifactId>
      <version>2.2.1</version>
    </dependency>

    <dependency>
      <groupId>org.apache.spark</groupId>
      <artifactId>spark-streaming_2.11</artifactId>
      <version>2.2.1</version>
      <scope>provided</scope>
    </dependency>

    <dependency>
      <groupId>org.apache.spark</groupId>
      <artifactId>spark-streaming-kafka-0-8_2.11</artifactId>
      <version>2.2.1</version>
      <scope>provided</scope>
    </dependency>


    <!--
        <dependency>
          <groupId>org.apache.spark</groupId>
          <artifactId>spark-streaming-kafka-${kafka.version}_${scala.version}</artifactId>
          <version>${spark.version}</version>
        </dependency>
    -->
    <dependency>
      <groupId>org.apache.spark</groupId>
      <artifactId>spark-streaming-kafka-0-10_2.11</artifactId>
      <version>2.2.1</version>
    </dependency>


  </dependencies>

  <build>
    <defaultGoal>install</defaultGoal>
    <sourceDirectory>src/main/scala</sourceDirectory>


    <plugins>

      <!-- the Maven compiler plugin will compile Java source files -->
      <plugin>
        <groupId>org.apache.maven.plugins</groupId>
        <artifactId>maven-compiler-plugin</artifactId>
        <version>3.7.0</version>
        <configuration>
          <source>1.8</source>
          <target>1.8</target>
        </configuration>
      </plugin>
      <plugin>
        <groupId>org.apache.maven.plugins</groupId>
        <artifactId>maven-resources-plugin</artifactId>
        <version>3.0.2</version>
        <configuration>
          <encoding>UTF-8</encoding>
        </configuration>
      </plugin>

      <!-- the Maven Scala plugin will compile Scala source files -->
      <plugin>
        <groupId>net.alchim31.maven</groupId>
        <artifactId>scala-maven-plugin</artifactId>
        <version>3.2.2</version>
        <executions>
          <execution>
            <goals>
              <goal>compile</goal>
              <goal>testCompile</goal>
            </goals>
          </execution>
        </executions>
      </plugin>

      <!-- configure the eclipse plugin to generate eclipse project descriptors for a Scala project -->
      <plugin>
        <groupId>org.apache.maven.plugins</groupId>
        <artifactId>maven-eclipse-plugin</artifactId>
        <version>2.10</version>
        <configuration>
          <projectnatures>
            <projectnature>org.scala-ide.sdt.core.scalanature</projectnature>
            <projectnature>org.eclipse.jdt.core.javanature</projectnature>
          </projectnatures>
          <buildcommands>
            <buildcommand>org.scala-ide.sdt.core.scalabuilder</buildcommand>
          </buildcommands>
          <classpathContainers>
            <classpathContainer>org.scala-ide.sdt.launching.SCALA_CONTAINER</classpathContainer>
            <classpathContainer>org.eclipse.jdt.launching.JRE_CONTAINER</classpathContainer>
          </classpathContainers>
          <excludes>
            <exclude>org.scala-lang:scala-library</exclude>
            <exclude>org.scala-lang:scala-compiler</exclude>
          </excludes>
          <sourceIncludes>
            <sourceInclude>**/*.scala</sourceInclude>
            <sourceInclude>**/*.java</sourceInclude>
          </sourceIncludes>
        </configuration>
      </plugin>

      <!-- allows the route to be run via 'mvn exec:java' -->
      <plugin>
        <groupId>org.codehaus.mojo</groupId>
        <artifactId>exec-maven-plugin</artifactId>
        <version>1.6.0</version>
        <configuration>
          <mainClass>.com.keepcoding.MyRouteMain</mainClass>
        </configuration>
      </plugin>
    </plugins>
  </build>

</project>
