<?xml version="1.0" encoding="UTF-8"?>
<project name="practicafinal" default="all">
  
  
  <property file="practicafinal.properties"/>
  <!-- Uncomment the following property if no tests compilation is needed -->
  <!-- 
  <property name="skip.tests" value="true"/>
   -->
  
  <!-- Compiler options -->
  
  <property name="compiler.debug" value="on"/>
  <property name="compiler.generate.no.warnings" value="off"/>
  <property name="compiler.args" value=""/>
  <property name="compiler.max.memory" value="700m"/>
  <patternset id="ignored.files">
    <exclude name="**/*.hprof/**"/>
    <exclude name="**/*.pyc/**"/>
    <exclude name="**/*.pyo/**"/>
    <exclude name="**/*.rbc/**"/>
    <exclude name="**/*.yarb/**"/>
    <exclude name="**/*~/**"/>
    <exclude name="**/.DS_Store/**"/>
    <exclude name="**/.git/**"/>
    <exclude name="**/.hg/**"/>
    <exclude name="**/.svn/**"/>
    <exclude name="**/CVS/**"/>
    <exclude name="**/__pycache__/**"/>
    <exclude name="**/_svn/**"/>
    <exclude name="**/vssver.scc/**"/>
    <exclude name="**/vssver2.scc/**"/>
  </patternset>
  <patternset id="library.patterns">
    <include name="*.war"/>
    <include name="*.swc"/>
    <include name="*.apk"/>
    <include name="*.zip"/>
    <include name="*.egg"/>
    <include name="*.ane"/>
    <include name="*.jar"/>
    <include name="*.ear"/>
  </patternset>
  <patternset id="compiler.resources">
    <exclude name="**/?*.java"/>
    <exclude name="**/?*.form"/>
    <exclude name="**/?*.class"/>
    <exclude name="**/?*.groovy"/>
    <exclude name="**/?*.scala"/>
    <exclude name="**/?*.flex"/>
    <exclude name="**/?*.kt"/>
    <exclude name="**/?*.clj"/>
    <exclude name="**/?*.aj"/>
  </patternset>
  
  <!-- JDK definitions -->
  
  <property name="jdk.bin.1.8" value="${jdk.home.1.8}/bin"/>
  <path id="jdk.classpath.1.8">
    <fileset dir="${jdk.home.1.8}">
      <include name="jre/lib/charsets.jar"/>
      <include name="jre/lib/ext/cldrdata.jar"/>
      <include name="jre/lib/ext/dnsns.jar"/>
      <include name="jre/lib/ext/icedtea-sound.jar"/>
      <include name="jre/lib/ext/jaccess.jar"/>
      <include name="jre/lib/ext/localedata.jar"/>
      <include name="jre/lib/ext/nashorn.jar"/>
      <include name="jre/lib/ext/sunec.jar"/>
      <include name="jre/lib/ext/sunjce_provider.jar"/>
      <include name="jre/lib/ext/sunpkcs11.jar"/>
      <include name="jre/lib/ext/zipfs.jar"/>
      <include name="jre/lib/jce.jar"/>
      <include name="jre/lib/jsse.jar"/>
      <include name="jre/lib/management-agent.jar"/>
      <include name="jre/lib/resources.jar"/>
      <include name="jre/lib/rt.jar"/>
    </fileset>
  </path>
  
  <property name="project.jdk.home" value="${jdk.home.1.8}"/>
  <property name="project.jdk.bin" value="${jdk.bin.1.8}"/>
  <property name="project.jdk.classpath" value="jdk.classpath.1.8"/>
  
  
  <!-- Project Libraries -->
  
  <path id="library.maven:_antlr:antlr:2.7.7.classpath">
    <pathelement location="${path.variable.maven_repository}/antlr/antlr/2.7.7/antlr-2.7.7.jar"/>
  </path>
  
  <path id="library.maven:_com.101tec:zkclient:0.10.classpath">
    <pathelement location="${path.variable.maven_repository}/com/101tec/zkclient/0.10/zkclient-0.10.jar"/>
  </path>
  
  <path id="library.maven:_com.101tec:zkclient:0.3.classpath">
    <pathelement location="${path.variable.maven_repository}/com/101tec/zkclient/0.3/zkclient-0.3.jar"/>
  </path>
  
  <path id="library.maven:_com.carrotsearch:hppc:0.7.1.classpath">
    <pathelement location="${path.variable.maven_repository}/com/carrotsearch/hppc/0.7.1/hppc-0.7.1.jar"/>
  </path>
  
  <path id="library.maven:_com.clearspring.analytics:stream:2.7.0.classpath">
    <pathelement location="${path.variable.maven_repository}/com/clearspring/analytics/stream/2.7.0/stream-2.7.0.jar"/>
  </path>
  
  <path id="library.maven:_com.esotericsoftware:kryo-shaded:3.0.3.classpath">
    <pathelement location="${path.variable.maven_repository}/com/esotericsoftware/kryo-shaded/3.0.3/kryo-shaded-3.0.3.jar"/>
  </path>
  
  <path id="library.maven:_com.esotericsoftware:minlog:1.3.0.classpath">
    <pathelement location="${path.variable.maven_repository}/com/esotericsoftware/minlog/1.3.0/minlog-1.3.0.jar"/>
  </path>
  
  <path id="library.maven:_com.fasterxml.jackson.core:jackson-annotations:2.6.5.classpath">
    <pathelement location="${path.variable.maven_repository}/com/fasterxml/jackson/core/jackson-annotations/2.6.5/jackson-annotations-2.6.5.jar"/>
  </path>
  
  <path id="library.maven:_com.fasterxml.jackson.core:jackson-core:2.6.5.classpath">
    <pathelement location="${path.variable.maven_repository}/com/fasterxml/jackson/core/jackson-core/2.6.5/jackson-core-2.6.5.jar"/>
  </path>
  
  <path id="library.maven:_com.fasterxml.jackson.core:jackson-core:2.8.6.classpath">
    <pathelement location="${path.variable.maven_repository}/com/fasterxml/jackson/core/jackson-core/2.8.6/jackson-core-2.8.6.jar"/>
  </path>
  
  <path id="library.maven:_com.fasterxml.jackson.core:jackson-databind:2.6.5.classpath">
    <pathelement location="${path.variable.maven_repository}/com/fasterxml/jackson/core/jackson-databind/2.6.5/jackson-databind-2.6.5.jar"/>
  </path>
  
  <path id="library.maven:_com.fasterxml.jackson.dataformat:jackson-dataformat-cbor:2.8.6.classpath">
    <pathelement location="${path.variable.maven_repository}/com/fasterxml/jackson/dataformat/jackson-dataformat-cbor/2.8.6/jackson-dataformat-cbor-2.8.6.jar"/>
  </path>
  
  <path id="library.maven:_com.fasterxml.jackson.dataformat:jackson-dataformat-smile:2.8.6.classpath">
    <pathelement location="${path.variable.maven_repository}/com/fasterxml/jackson/dataformat/jackson-dataformat-smile/2.8.6/jackson-dataformat-smile-2.8.6.jar"/>
  </path>
  
  <path id="library.maven:_com.fasterxml.jackson.dataformat:jackson-dataformat-yaml:2.8.6.classpath">
    <pathelement location="${path.variable.maven_repository}/com/fasterxml/jackson/dataformat/jackson-dataformat-yaml/2.8.6/jackson-dataformat-yaml-2.8.6.jar"/>
  </path>
  
  <path id="library.maven:_com.fasterxml.jackson.module:jackson-module-paranamer:2.6.5.classpath">
    <pathelement location="${path.variable.maven_repository}/com/fasterxml/jackson/module/jackson-module-paranamer/2.6.5/jackson-module-paranamer-2.6.5.jar"/>
  </path>
  
  <path id="library.maven:_com.fasterxml.jackson.module:jackson-module-scala_2.11:2.6.5.classpath">
    <pathelement location="${path.variable.maven_repository}/com/fasterxml/jackson/module/jackson-module-scala_2.11/2.6.5/jackson-module-scala_2.11-2.6.5.jar"/>
  </path>
  
  <path id="library.maven:_com.google.code.findbugs:jsr305:1.3.9.classpath">
    <pathelement location="${path.variable.maven_repository}/com/google/code/findbugs/jsr305/1.3.9/jsr305-1.3.9.jar"/>
  </path>
  
  <path id="library.maven:_com.google.code.gson:gson:2.2.4.classpath">
    <pathelement location="${path.variable.maven_repository}/com/google/code/gson/gson/2.2.4/gson-2.2.4.jar"/>
  </path>
  
  <path id="library.maven:_com.google.guava:guava:16.0.1.classpath">
    <pathelement location="${path.variable.maven_repository}/com/google/guava/guava/16.0.1/guava-16.0.1.jar"/>
  </path>
  
  <path id="library.maven:_com.google.protobuf:protobuf-java:2.5.0.classpath">
    <pathelement location="${path.variable.maven_repository}/com/google/protobuf/protobuf-java/2.5.0/protobuf-java-2.5.0.jar"/>
  </path>
  
  <path id="library.maven:_com.googlecode.javaewah:javaewah:0.3.2.classpath">
    <pathelement location="${path.variable.maven_repository}/com/googlecode/javaewah/JavaEWAH/0.3.2/JavaEWAH-0.3.2.jar"/>
  </path>
  
  <path id="library.maven:_com.jamesmurty.utils:java-xmlbuilder:1.0.classpath">
    <pathelement location="${path.variable.maven_repository}/com/jamesmurty/utils/java-xmlbuilder/1.0/java-xmlbuilder-1.0.jar"/>
  </path>
  
  <path id="library.maven:_com.jolbox:bonecp:0.8.0.release.classpath">
    <pathelement location="${path.variable.maven_repository}/com/jolbox/bonecp/0.8.0.RELEASE/bonecp-0.8.0.RELEASE.jar"/>
  </path>
  
  <path id="library.maven:_com.ning:compress-lzf:1.0.3.classpath">
    <pathelement location="${path.variable.maven_repository}/com/ning/compress-lzf/1.0.3/compress-lzf-1.0.3.jar"/>
  </path>
  
  <path id="library.maven:_com.tdunning:t-digest:3.0.classpath">
    <pathelement location="${path.variable.maven_repository}/com/tdunning/t-digest/3.0/t-digest-3.0.jar"/>
  </path>
  
  <path id="library.maven:_com.thoughtworks.paranamer:paranamer:2.3.classpath">
    <pathelement location="${path.variable.maven_repository}/com/thoughtworks/paranamer/paranamer/2.3/paranamer-2.3.jar"/>
  </path>
  
  <path id="library.maven:_com.thoughtworks.paranamer:paranamer:2.7.classpath">
    <pathelement location="${path.variable.maven_repository}/com/thoughtworks/paranamer/paranamer/2.7/paranamer-2.7.jar"/>
  </path>
  
  <path id="library.maven:_com.twitter:chill-java:0.8.0.classpath">
    <pathelement location="${path.variable.maven_repository}/com/twitter/chill-java/0.8.0/chill-java-0.8.0.jar"/>
  </path>
  
  <path id="library.maven:_com.twitter:chill_2.11:0.8.0.classpath">
    <pathelement location="${path.variable.maven_repository}/com/twitter/chill_2.11/0.8.0/chill_2.11-0.8.0.jar"/>
  </path>
  
  <path id="library.maven:_com.twitter:parquet-hadoop-bundle:1.6.0.classpath">
    <pathelement location="${path.variable.maven_repository}/com/twitter/parquet-hadoop-bundle/1.6.0/parquet-hadoop-bundle-1.6.0.jar"/>
  </path>
  
  <path id="library.maven:_com.typesafe:config:1.3.1.classpath">
    <pathelement location="${path.variable.maven_repository}/com/typesafe/config/1.3.1/config-1.3.1.jar"/>
  </path>
  
  <path id="library.maven:_com.univocity:univocity-parsers:2.2.1.classpath">
    <pathelement location="${path.variable.maven_repository}/com/univocity/univocity-parsers/2.2.1/univocity-parsers-2.2.1.jar"/>
  </path>
  
  <path id="library.maven:_com.yammer.metrics:metrics-core:2.2.0.classpath">
    <pathelement location="${path.variable.maven_repository}/com/yammer/metrics/metrics-core/2.2.0/metrics-core-2.2.0.jar"/>
  </path>
  
  <path id="library.maven:_commons-beanutils:commons-beanutils-core:1.8.0.classpath">
    <pathelement location="${path.variable.maven_repository}/commons-beanutils/commons-beanutils-core/1.8.0/commons-beanutils-core-1.8.0.jar"/>
  </path>
  
  <path id="library.maven:_commons-beanutils:commons-beanutils:1.7.0.classpath">
    <pathelement location="${path.variable.maven_repository}/commons-beanutils/commons-beanutils/1.7.0/commons-beanutils-1.7.0.jar"/>
  </path>
  
  <path id="library.maven:_commons-cli:commons-cli:1.2.classpath">
    <pathelement location="${path.variable.maven_repository}/commons-cli/commons-cli/1.2/commons-cli-1.2.jar"/>
  </path>
  
  <path id="library.maven:_commons-codec:commons-codec:1.10.classpath">
    <pathelement location="${path.variable.maven_repository}/commons-codec/commons-codec/1.10/commons-codec-1.10.jar"/>
  </path>
  
  <path id="library.maven:_commons-codec:commons-codec:1.8.classpath">
    <pathelement location="${path.variable.maven_repository}/commons-codec/commons-codec/1.8/commons-codec-1.8.jar"/>
  </path>
  
  <path id="library.maven:_commons-collections:commons-collections:3.2.2.classpath">
    <pathelement location="${path.variable.maven_repository}/commons-collections/commons-collections/3.2.2/commons-collections-3.2.2.jar"/>
  </path>
  
  <path id="library.maven:_commons-configuration:commons-configuration:1.6.classpath">
    <pathelement location="${path.variable.maven_repository}/commons-configuration/commons-configuration/1.6/commons-configuration-1.6.jar"/>
  </path>
  
  <path id="library.maven:_commons-dbcp:commons-dbcp:1.4.classpath">
    <pathelement location="${path.variable.maven_repository}/commons-dbcp/commons-dbcp/1.4/commons-dbcp-1.4.jar"/>
  </path>
  
  <path id="library.maven:_commons-digester:commons-digester:1.8.classpath">
    <pathelement location="${path.variable.maven_repository}/commons-digester/commons-digester/1.8/commons-digester-1.8.jar"/>
  </path>
  
  <path id="library.maven:_commons-httpclient:commons-httpclient:3.1.classpath">
    <pathelement location="${path.variable.maven_repository}/commons-httpclient/commons-httpclient/3.1/commons-httpclient-3.1.jar"/>
  </path>
  
  <path id="library.maven:_commons-io:commons-io:2.4.classpath">
    <pathelement location="${path.variable.maven_repository}/commons-io/commons-io/2.4/commons-io-2.4.jar"/>
  </path>
  
  <path id="library.maven:_commons-lang:commons-lang:2.6.classpath">
    <pathelement location="${path.variable.maven_repository}/commons-lang/commons-lang/2.6/commons-lang-2.6.jar"/>
  </path>
  
  <path id="library.maven:_commons-logging:commons-logging:1.1.3.classpath">
    <pathelement location="${path.variable.maven_repository}/commons-logging/commons-logging/1.1.3/commons-logging-1.1.3.jar"/>
  </path>
  
  <path id="library.maven:_commons-net:commons-net:2.2.classpath">
    <pathelement location="${path.variable.maven_repository}/commons-net/commons-net/2.2/commons-net-2.2.jar"/>
  </path>
  
  <path id="library.maven:_commons-pool:commons-pool:1.5.4.classpath">
    <pathelement location="${path.variable.maven_repository}/commons-pool/commons-pool/1.5.4/commons-pool-1.5.4.jar"/>
  </path>
  
  <path id="library.maven:_io.confluent:common-config:3.3.0.classpath">
    <pathelement location="${path.variable.maven_repository}/io/confluent/common-config/3.3.0/common-config-3.3.0.jar"/>
  </path>
  
  <path id="library.maven:_io.confluent:common-utils:3.3.0.classpath">
    <pathelement location="${path.variable.maven_repository}/io/confluent/common-utils/3.3.0/common-utils-3.3.0.jar"/>
  </path>
  
  <path id="library.maven:_io.confluent:kafka-avro-serializer:3.3.0.classpath">
    <pathelement location="${path.variable.maven_repository}/io/confluent/kafka-avro-serializer/3.3.0/kafka-avro-serializer-3.3.0.jar"/>
  </path>
  
  <path id="library.maven:_io.confluent:kafka-schema-registry-client:3.3.0.classpath">
    <pathelement location="${path.variable.maven_repository}/io/confluent/kafka-schema-registry-client/3.3.0/kafka-schema-registry-client-3.3.0.jar"/>
  </path>
  
  <path id="library.maven:_io.dropwizard.metrics:metrics-core:3.1.2.classpath">
    <pathelement location="${path.variable.maven_repository}/io/dropwizard/metrics/metrics-core/3.1.2/metrics-core-3.1.2.jar"/>
  </path>
  
  <path id="library.maven:_io.dropwizard.metrics:metrics-graphite:3.1.2.classpath">
    <pathelement location="${path.variable.maven_repository}/io/dropwizard/metrics/metrics-graphite/3.1.2/metrics-graphite-3.1.2.jar"/>
  </path>
  
  <path id="library.maven:_io.dropwizard.metrics:metrics-json:3.1.2.classpath">
    <pathelement location="${path.variable.maven_repository}/io/dropwizard/metrics/metrics-json/3.1.2/metrics-json-3.1.2.jar"/>
  </path>
  
  <path id="library.maven:_io.dropwizard.metrics:metrics-jvm:3.1.2.classpath">
    <pathelement location="${path.variable.maven_repository}/io/dropwizard/metrics/metrics-jvm/3.1.2/metrics-jvm-3.1.2.jar"/>
  </path>
  
  <path id="library.maven:_io.netty:netty-all:4.0.43.final.classpath">
    <pathelement location="${path.variable.maven_repository}/io/netty/netty-all/4.0.43.Final/netty-all-4.0.43.Final.jar"/>
  </path>
  
  <path id="library.maven:_io.netty:netty:3.9.9.final.classpath">
    <pathelement location="${path.variable.maven_repository}/io/netty/netty/3.9.9.Final/netty-3.9.9.Final.jar"/>
  </path>
  
  <path id="library.maven:_javax.activation:activation:1.1.1.classpath">
    <pathelement location="${path.variable.maven_repository}/javax/activation/activation/1.1.1/activation-1.1.1.jar"/>
  </path>
  
  <path id="library.maven:_javax.annotation:javax.annotation-api:1.2.classpath">
    <pathelement location="${path.variable.maven_repository}/javax/annotation/javax.annotation-api/1.2/javax.annotation-api-1.2.jar"/>
  </path>
  
  <path id="library.maven:_javax.jdo:jdo-api:3.0.1.classpath">
    <pathelement location="${path.variable.maven_repository}/javax/jdo/jdo-api/3.0.1/jdo-api-3.0.1.jar"/>
  </path>
  
  <path id="library.maven:_javax.mail:mail:1.4.7.classpath">
    <pathelement location="${path.variable.maven_repository}/javax/mail/mail/1.4.7/mail-1.4.7.jar"/>
  </path>
  
  <path id="library.maven:_javax.servlet:javax.servlet-api:3.1.0.classpath">
    <pathelement location="${path.variable.maven_repository}/javax/servlet/javax.servlet-api/3.1.0/javax.servlet-api-3.1.0.jar"/>
  </path>
  
  <path id="library.maven:_javax.transaction:jta:1.1.classpath">
    <pathelement location="${path.variable.maven_repository}/javax/transaction/jta/1.1/jta-1.1.jar"/>
  </path>
  
  <path id="library.maven:_javax.validation:validation-api:1.1.0.final.classpath">
    <pathelement location="${path.variable.maven_repository}/javax/validation/validation-api/1.1.0.Final/validation-api-1.1.0.Final.jar"/>
  </path>
  
  <path id="library.maven:_javax.ws.rs:javax.ws.rs-api:2.0.1.classpath">
    <pathelement location="${path.variable.maven_repository}/javax/ws/rs/javax.ws.rs-api/2.0.1/javax.ws.rs-api-2.0.1.jar"/>
  </path>
  
  <path id="library.maven:_javax.xml.bind:jaxb-api:2.2.2.classpath">
    <pathelement location="${path.variable.maven_repository}/javax/xml/bind/jaxb-api/2.2.2/jaxb-api-2.2.2.jar"/>
  </path>
  
  <path id="library.maven:_javax.xml.stream:stax-api:1.0-2.classpath">
    <pathelement location="${path.variable.maven_repository}/javax/xml/stream/stax-api/1.0-2/stax-api-1.0-2.jar"/>
  </path>
  
  <path id="library.maven:_javolution:javolution:5.5.1.classpath">
    <pathelement location="${path.variable.maven_repository}/javolution/javolution/5.5.1/javolution-5.5.1.jar"/>
  </path>
  
  <path id="library.maven:_jline:jline:0.9.94.classpath">
    <pathelement location="${path.variable.maven_repository}/jline/jline/0.9.94/jline-0.9.94.jar"/>
  </path>
  
  <path id="library.maven:_joda-time:joda-time:2.9.3.classpath">
    <pathelement location="${path.variable.maven_repository}/joda-time/joda-time/2.9.3/joda-time-2.9.3.jar"/>
  </path>
  
  <path id="library.maven:_junit:junit:4.10.classpath">
    <pathelement location="${path.variable.maven_repository}/junit/junit/4.10/junit-4.10.jar"/>
  </path>
  
  <path id="library.maven:_log4j:apache-log4j-extras:1.2.17.classpath">
    <pathelement location="${path.variable.maven_repository}/log4j/apache-log4j-extras/1.2.17/apache-log4j-extras-1.2.17.jar"/>
  </path>
  
  <path id="library.maven:_log4j:log4j:1.2.17.classpath">
    <pathelement location="${path.variable.maven_repository}/log4j/log4j/1.2.17/log4j-1.2.17.jar"/>
  </path>
  
  <path id="library.maven:_mx4j:mx4j:3.0.2.classpath">
    <pathelement location="${path.variable.maven_repository}/mx4j/mx4j/3.0.2/mx4j-3.0.2.jar"/>
  </path>
  
  <path id="library.maven:_net.hydromatic:eigenbase-properties:1.1.5.classpath">
    <pathelement location="${path.variable.maven_repository}/net/hydromatic/eigenbase-properties/1.1.5/eigenbase-properties-1.1.5.jar"/>
  </path>
  
  <path id="library.maven:_net.iharder:base64:2.3.8.classpath">
    <pathelement location="${path.variable.maven_repository}/net/iharder/base64/2.3.8/base64-2.3.8.jar"/>
  </path>
  
  <path id="library.maven:_net.java.dev.jets3t:jets3t:0.9.3.classpath">
    <pathelement location="${path.variable.maven_repository}/net/java/dev/jets3t/jets3t/0.9.3/jets3t-0.9.3.jar"/>
  </path>
  
  <path id="library.maven:_net.java.dev.jna:jna:4.2.2.classpath">
    <pathelement location="${path.variable.maven_repository}/net/java/dev/jna/jna/4.2.2/jna-4.2.2.jar"/>
  </path>
  
  <path id="library.maven:_net.jpountz.lz4:lz4:1.3.0.classpath">
    <pathelement location="${path.variable.maven_repository}/net/jpountz/lz4/lz4/1.3.0/lz4-1.3.0.jar"/>
  </path>
  
  <path id="library.maven:_net.razorvine:pyrolite:4.13.classpath">
    <pathelement location="${path.variable.maven_repository}/net/razorvine/pyrolite/4.13/pyrolite-4.13.jar"/>
  </path>
  
  <path id="library.maven:_net.sf.jopt-simple:jopt-simple:5.0.2.classpath">
    <pathelement location="${path.variable.maven_repository}/net/sf/jopt-simple/jopt-simple/5.0.2/jopt-simple-5.0.2.jar"/>
  </path>
  
  <path id="library.maven:_net.sf.opencsv:opencsv:2.3.classpath">
    <pathelement location="${path.variable.maven_repository}/net/sf/opencsv/opencsv/2.3/opencsv-2.3.jar"/>
  </path>
  
  <path id="library.maven:_net.sf.py4j:py4j:0.10.4.classpath">
    <pathelement location="${path.variable.maven_repository}/net/sf/py4j/py4j/0.10.4/py4j-0.10.4.jar"/>
  </path>
  
  <path id="library.maven:_org.antlr:antlr-runtime:3.4.classpath">
    <pathelement location="${path.variable.maven_repository}/org/antlr/antlr-runtime/3.4/antlr-runtime-3.4.jar"/>
  </path>
  
  <path id="library.maven:_org.antlr:antlr4-runtime:4.5.3.classpath">
    <pathelement location="${path.variable.maven_repository}/org/antlr/antlr4-runtime/4.5.3/antlr4-runtime-4.5.3.jar"/>
  </path>
  
  <path id="library.maven:_org.antlr:st4:4.0.4.classpath">
    <pathelement location="${path.variable.maven_repository}/org/antlr/ST4/4.0.4/ST4-4.0.4.jar"/>
  </path>
  
  <path id="library.maven:_org.antlr:stringtemplate:3.2.1.classpath">
    <pathelement location="${path.variable.maven_repository}/org/antlr/stringtemplate/3.2.1/stringtemplate-3.2.1.jar"/>
  </path>
  
  <path id="library.maven:_org.apache.avro:avro-ipc:1.7.7.classpath">
    <pathelement location="${path.variable.maven_repository}/org/apache/avro/avro-ipc/1.7.7/avro-ipc-1.7.7.jar"/>
  </path>
  
  <path id="library.maven:_org.apache.avro:avro-ipc:tests:1.7.7.classpath">
    <pathelement location="${path.variable.maven_repository}/org/apache/avro/avro-ipc/1.7.7/avro-ipc-1.7.7-tests.jar"/>
  </path>
  
  <path id="library.maven:_org.apache.avro:avro-mapred:hadoop2:1.7.7.classpath">
    <pathelement location="${path.variable.maven_repository}/org/apache/avro/avro-mapred/1.7.7/avro-mapred-1.7.7-hadoop2.jar"/>
  </path>
  
  <path id="library.maven:_org.apache.avro:avro:1.7.7.classpath">
    <pathelement location="${path.variable.maven_repository}/org/apache/avro/avro/1.7.7/avro-1.7.7.jar"/>
  </path>
  
  <path id="library.maven:_org.apache.avro:avro:1.8.2.classpath">
    <pathelement location="${path.variable.maven_repository}/org/apache/avro/avro/1.8.2/avro-1.8.2.jar"/>
  </path>
  
  <path id="library.maven:_org.apache.calcite:calcite-avatica:1.2.0-incubating.classpath">
    <pathelement location="${path.variable.maven_repository}/org/apache/calcite/calcite-avatica/1.2.0-incubating/calcite-avatica-1.2.0-incubating.jar"/>
  </path>
  
  <path id="library.maven:_org.apache.calcite:calcite-core:1.2.0-incubating.classpath">
    <pathelement location="${path.variable.maven_repository}/org/apache/calcite/calcite-core/1.2.0-incubating/calcite-core-1.2.0-incubating.jar"/>
  </path>
  
  <path id="library.maven:_org.apache.calcite:calcite-linq4j:1.2.0-incubating.classpath">
    <pathelement location="${path.variable.maven_repository}/org/apache/calcite/calcite-linq4j/1.2.0-incubating/calcite-linq4j-1.2.0-incubating.jar"/>
  </path>
  
  <path id="library.maven:_org.apache.commons:commons-compress:1.4.1.classpath">
    <pathelement location="${path.variable.maven_repository}/org/apache/commons/commons-compress/1.4.1/commons-compress-1.4.1.jar"/>
  </path>
  
  <path id="library.maven:_org.apache.commons:commons-compress:1.8.1.classpath">
    <pathelement location="${path.variable.maven_repository}/org/apache/commons/commons-compress/1.8.1/commons-compress-1.8.1.jar"/>
  </path>
  
  <path id="library.maven:_org.apache.commons:commons-crypto:1.0.0.classpath">
    <pathelement location="${path.variable.maven_repository}/org/apache/commons/commons-crypto/1.0.0/commons-crypto-1.0.0.jar"/>
  </path>
  
  <path id="library.maven:_org.apache.commons:commons-lang3:3.5.classpath">
    <pathelement location="${path.variable.maven_repository}/org/apache/commons/commons-lang3/3.5/commons-lang3-3.5.jar"/>
  </path>
  
  <path id="library.maven:_org.apache.commons:commons-math3:3.4.1.classpath">
    <pathelement location="${path.variable.maven_repository}/org/apache/commons/commons-math3/3.4.1/commons-math3-3.4.1.jar"/>
  </path>
  
  <path id="library.maven:_org.apache.curator:curator-client:2.6.0.classpath">
    <pathelement location="${path.variable.maven_repository}/org/apache/curator/curator-client/2.6.0/curator-client-2.6.0.jar"/>
  </path>
  
  <path id="library.maven:_org.apache.curator:curator-framework:2.6.0.classpath">
    <pathelement location="${path.variable.maven_repository}/org/apache/curator/curator-framework/2.6.0/curator-framework-2.6.0.jar"/>
  </path>
  
  <path id="library.maven:_org.apache.curator:curator-recipes:2.6.0.classpath">
    <pathelement location="${path.variable.maven_repository}/org/apache/curator/curator-recipes/2.6.0/curator-recipes-2.6.0.jar"/>
  </path>
  
  <path id="library.maven:_org.apache.derby:derby:10.12.1.1.classpath">
    <pathelement location="${path.variable.maven_repository}/org/apache/derby/derby/10.12.1.1/derby-10.12.1.1.jar"/>
  </path>
  
  <path id="library.maven:_org.apache.directory.api:api-asn1-api:1.0.0-m20.classpath">
    <pathelement location="${path.variable.maven_repository}/org/apache/directory/api/api-asn1-api/1.0.0-M20/api-asn1-api-1.0.0-M20.jar"/>
  </path>
  
  <path id="library.maven:_org.apache.directory.api:api-util:1.0.0-m20.classpath">
    <pathelement location="${path.variable.maven_repository}/org/apache/directory/api/api-util/1.0.0-M20/api-util-1.0.0-M20.jar"/>
  </path>
  
  <path id="library.maven:_org.apache.directory.server:apacheds-i18n:2.0.0-m15.classpath">
    <pathelement location="${path.variable.maven_repository}/org/apache/directory/server/apacheds-i18n/2.0.0-M15/apacheds-i18n-2.0.0-M15.jar"/>
  </path>
  
  <path id="library.maven:_org.apache.directory.server:apacheds-kerberos-codec:2.0.0-m15.classpath">
    <pathelement location="${path.variable.maven_repository}/org/apache/directory/server/apacheds-kerberos-codec/2.0.0-M15/apacheds-kerberos-codec-2.0.0-M15.jar"/>
  </path>
  
  <path id="library.maven:_org.apache.hadoop:hadoop-annotations:2.6.5.classpath">
    <pathelement location="${path.variable.maven_repository}/org/apache/hadoop/hadoop-annotations/2.6.5/hadoop-annotations-2.6.5.jar"/>
  </path>
  
  <path id="library.maven:_org.apache.hadoop:hadoop-auth:2.6.5.classpath">
    <pathelement location="${path.variable.maven_repository}/org/apache/hadoop/hadoop-auth/2.6.5/hadoop-auth-2.6.5.jar"/>
  </path>
  
  <path id="library.maven:_org.apache.hadoop:hadoop-client:2.6.5.classpath">
    <pathelement location="${path.variable.maven_repository}/org/apache/hadoop/hadoop-client/2.6.5/hadoop-client-2.6.5.jar"/>
  </path>
  
  <path id="library.maven:_org.apache.hadoop:hadoop-common:2.6.5.classpath">
    <pathelement location="${path.variable.maven_repository}/org/apache/hadoop/hadoop-common/2.6.5/hadoop-common-2.6.5.jar"/>
  </path>
  
  <path id="library.maven:_org.apache.hadoop:hadoop-hdfs:2.6.5.classpath">
    <pathelement location="${path.variable.maven_repository}/org/apache/hadoop/hadoop-hdfs/2.6.5/hadoop-hdfs-2.6.5.jar"/>
  </path>
  
  <path id="library.maven:_org.apache.hadoop:hadoop-mapreduce-client-app:2.6.5.classpath">
    <pathelement location="${path.variable.maven_repository}/org/apache/hadoop/hadoop-mapreduce-client-app/2.6.5/hadoop-mapreduce-client-app-2.6.5.jar"/>
  </path>
  
  <path id="library.maven:_org.apache.hadoop:hadoop-mapreduce-client-common:2.6.5.classpath">
    <pathelement location="${path.variable.maven_repository}/org/apache/hadoop/hadoop-mapreduce-client-common/2.6.5/hadoop-mapreduce-client-common-2.6.5.jar"/>
  </path>
  
  <path id="library.maven:_org.apache.hadoop:hadoop-mapreduce-client-core:2.6.5.classpath">
    <pathelement location="${path.variable.maven_repository}/org/apache/hadoop/hadoop-mapreduce-client-core/2.6.5/hadoop-mapreduce-client-core-2.6.5.jar"/>
  </path>
  
  <path id="library.maven:_org.apache.hadoop:hadoop-mapreduce-client-jobclient:2.6.5.classpath">
    <pathelement location="${path.variable.maven_repository}/org/apache/hadoop/hadoop-mapreduce-client-jobclient/2.6.5/hadoop-mapreduce-client-jobclient-2.6.5.jar"/>
  </path>
  
  <path id="library.maven:_org.apache.hadoop:hadoop-mapreduce-client-shuffle:2.6.5.classpath">
    <pathelement location="${path.variable.maven_repository}/org/apache/hadoop/hadoop-mapreduce-client-shuffle/2.6.5/hadoop-mapreduce-client-shuffle-2.6.5.jar"/>
  </path>
  
  <path id="library.maven:_org.apache.hadoop:hadoop-yarn-api:2.6.5.classpath">
    <pathelement location="${path.variable.maven_repository}/org/apache/hadoop/hadoop-yarn-api/2.6.5/hadoop-yarn-api-2.6.5.jar"/>
  </path>
  
  <path id="library.maven:_org.apache.hadoop:hadoop-yarn-client:2.6.5.classpath">
    <pathelement location="${path.variable.maven_repository}/org/apache/hadoop/hadoop-yarn-client/2.6.5/hadoop-yarn-client-2.6.5.jar"/>
  </path>
  
  <path id="library.maven:_org.apache.hadoop:hadoop-yarn-common:2.6.5.classpath">
    <pathelement location="${path.variable.maven_repository}/org/apache/hadoop/hadoop-yarn-common/2.6.5/hadoop-yarn-common-2.6.5.jar"/>
  </path>
  
  <path id="library.maven:_org.apache.hadoop:hadoop-yarn-server-common:2.6.5.classpath">
    <pathelement location="${path.variable.maven_repository}/org/apache/hadoop/hadoop-yarn-server-common/2.6.5/hadoop-yarn-server-common-2.6.5.jar"/>
  </path>
  
  <path id="library.maven:_org.apache.httpcomponents:httpclient:4.3.6.classpath">
    <pathelement location="${path.variable.maven_repository}/org/apache/httpcomponents/httpclient/4.3.6/httpclient-4.3.6.jar"/>
  </path>
  
  <path id="library.maven:_org.apache.httpcomponents:httpclient:4.5.2.classpath">
    <pathelement location="${path.variable.maven_repository}/org/apache/httpcomponents/httpclient/4.5.2/httpclient-4.5.2.jar"/>
  </path>
  
  <path id="library.maven:_org.apache.httpcomponents:httpcore:4.3.3.classpath">
    <pathelement location="${path.variable.maven_repository}/org/apache/httpcomponents/httpcore/4.3.3/httpcore-4.3.3.jar"/>
  </path>
  
  <path id="library.maven:_org.apache.ivy:ivy:2.4.0.classpath">
    <pathelement location="${path.variable.maven_repository}/org/apache/ivy/ivy/2.4.0/ivy-2.4.0.jar"/>
  </path>
  
  <path id="library.maven:_org.apache.kafka:kafka-clients:0.10.0.1.classpath">
    <pathelement location="${path.variable.maven_repository}/org/apache/kafka/kafka-clients/0.10.0.1/kafka-clients-0.10.0.1.jar"/>
  </path>
  
  <path id="library.maven:_org.apache.kafka:kafka-clients:0.8.2.1.classpath">
    <pathelement location="${path.variable.maven_repository}/org/apache/kafka/kafka-clients/0.8.2.1/kafka-clients-0.8.2.1.jar"/>
  </path>
  
  <path id="library.maven:_org.apache.kafka:kafka_2.11:0.10.0.1.classpath">
    <pathelement location="${path.variable.maven_repository}/org/apache/kafka/kafka_2.11/0.10.0.1/kafka_2.11-0.10.0.1.jar"/>
  </path>
  
  <path id="library.maven:_org.apache.kafka:kafka_2.11:0.8.2.1.classpath">
    <pathelement location="${path.variable.maven_repository}/org/apache/kafka/kafka_2.11/0.8.2.1/kafka_2.11-0.8.2.1.jar"/>
  </path>
  
  <path id="library.maven:_org.apache.lucene:lucene-analyzers-common:6.4.1.classpath">
    <pathelement location="${path.variable.maven_repository}/org/apache/lucene/lucene-analyzers-common/6.4.1/lucene-analyzers-common-6.4.1.jar"/>
  </path>
  
  <path id="library.maven:_org.apache.lucene:lucene-backward-codecs:6.4.1.classpath">
    <pathelement location="${path.variable.maven_repository}/org/apache/lucene/lucene-backward-codecs/6.4.1/lucene-backward-codecs-6.4.1.jar"/>
  </path>
  
  <path id="library.maven:_org.apache.lucene:lucene-core:6.4.1.classpath">
    <pathelement location="${path.variable.maven_repository}/org/apache/lucene/lucene-core/6.4.1/lucene-core-6.4.1.jar"/>
  </path>
  
  <path id="library.maven:_org.apache.lucene:lucene-grouping:6.4.1.classpath">
    <pathelement location="${path.variable.maven_repository}/org/apache/lucene/lucene-grouping/6.4.1/lucene-grouping-6.4.1.jar"/>
  </path>
  
  <path id="library.maven:_org.apache.lucene:lucene-highlighter:6.4.1.classpath">
    <pathelement location="${path.variable.maven_repository}/org/apache/lucene/lucene-highlighter/6.4.1/lucene-highlighter-6.4.1.jar"/>
  </path>
  
  <path id="library.maven:_org.apache.lucene:lucene-join:6.4.1.classpath">
    <pathelement location="${path.variable.maven_repository}/org/apache/lucene/lucene-join/6.4.1/lucene-join-6.4.1.jar"/>
  </path>
  
  <path id="library.maven:_org.apache.lucene:lucene-memory:6.4.1.classpath">
    <pathelement location="${path.variable.maven_repository}/org/apache/lucene/lucene-memory/6.4.1/lucene-memory-6.4.1.jar"/>
  </path>
  
  <path id="library.maven:_org.apache.lucene:lucene-misc:6.4.1.classpath">
    <pathelement location="${path.variable.maven_repository}/org/apache/lucene/lucene-misc/6.4.1/lucene-misc-6.4.1.jar"/>
  </path>
  
  <path id="library.maven:_org.apache.lucene:lucene-queries:6.4.1.classpath">
    <pathelement location="${path.variable.maven_repository}/org/apache/lucene/lucene-queries/6.4.1/lucene-queries-6.4.1.jar"/>
  </path>
  
  <path id="library.maven:_org.apache.lucene:lucene-queryparser:6.4.1.classpath">
    <pathelement location="${path.variable.maven_repository}/org/apache/lucene/lucene-queryparser/6.4.1/lucene-queryparser-6.4.1.jar"/>
  </path>
  
  <path id="library.maven:_org.apache.lucene:lucene-sandbox:6.4.1.classpath">
    <pathelement location="${path.variable.maven_repository}/org/apache/lucene/lucene-sandbox/6.4.1/lucene-sandbox-6.4.1.jar"/>
  </path>
  
  <path id="library.maven:_org.apache.lucene:lucene-spatial-extras:6.4.1.classpath">
    <pathelement location="${path.variable.maven_repository}/org/apache/lucene/lucene-spatial-extras/6.4.1/lucene-spatial-extras-6.4.1.jar"/>
  </path>
  
  <path id="library.maven:_org.apache.lucene:lucene-spatial3d:6.4.1.classpath">
    <pathelement location="${path.variable.maven_repository}/org/apache/lucene/lucene-spatial3d/6.4.1/lucene-spatial3d-6.4.1.jar"/>
  </path>
  
  <path id="library.maven:_org.apache.lucene:lucene-spatial:6.4.1.classpath">
    <pathelement location="${path.variable.maven_repository}/org/apache/lucene/lucene-spatial/6.4.1/lucene-spatial-6.4.1.jar"/>
  </path>
  
  <path id="library.maven:_org.apache.lucene:lucene-suggest:6.4.1.classpath">
    <pathelement location="${path.variable.maven_repository}/org/apache/lucene/lucene-suggest/6.4.1/lucene-suggest-6.4.1.jar"/>
  </path>
  
  <path id="library.maven:_org.apache.parquet:parquet-column:1.8.2.classpath">
    <pathelement location="${path.variable.maven_repository}/org/apache/parquet/parquet-column/1.8.2/parquet-column-1.8.2.jar"/>
  </path>
  
  <path id="library.maven:_org.apache.parquet:parquet-common:1.8.2.classpath">
    <pathelement location="${path.variable.maven_repository}/org/apache/parquet/parquet-common/1.8.2/parquet-common-1.8.2.jar"/>
  </path>
  
  <path id="library.maven:_org.apache.parquet:parquet-encoding:1.8.2.classpath">
    <pathelement location="${path.variable.maven_repository}/org/apache/parquet/parquet-encoding/1.8.2/parquet-encoding-1.8.2.jar"/>
  </path>
  
  <path id="library.maven:_org.apache.parquet:parquet-format:2.3.1.classpath">
    <pathelement location="${path.variable.maven_repository}/org/apache/parquet/parquet-format/2.3.1/parquet-format-2.3.1.jar"/>
  </path>
  
  <path id="library.maven:_org.apache.parquet:parquet-hadoop:1.8.2.classpath">
    <pathelement location="${path.variable.maven_repository}/org/apache/parquet/parquet-hadoop/1.8.2/parquet-hadoop-1.8.2.jar"/>
  </path>
  
  <path id="library.maven:_org.apache.parquet:parquet-jackson:1.8.2.classpath">
    <pathelement location="${path.variable.maven_repository}/org/apache/parquet/parquet-jackson/1.8.2/parquet-jackson-1.8.2.jar"/>
  </path>
  
  <path id="library.maven:_org.apache.spark:spark-catalyst_2.11:2.2.1.classpath">
    <pathelement location="${path.variable.maven_repository}/org/apache/spark/spark-catalyst_2.11/2.2.1/spark-catalyst_2.11-2.2.1.jar"/>
  </path>
  
  <path id="library.maven:_org.apache.spark:spark-core_2.11:2.2.1.classpath">
    <pathelement location="${path.variable.maven_repository}/org/apache/spark/spark-core_2.11/2.2.1/spark-core_2.11-2.2.1.jar"/>
  </path>
  
  <path id="library.maven:_org.apache.spark:spark-hive_2.11:2.2.1.classpath">
    <pathelement location="${path.variable.maven_repository}/org/apache/spark/spark-hive_2.11/2.2.1/spark-hive_2.11-2.2.1.jar"/>
  </path>
  
  <path id="library.maven:_org.apache.spark:spark-launcher_2.11:2.2.1.classpath">
    <pathelement location="${path.variable.maven_repository}/org/apache/spark/spark-launcher_2.11/2.2.1/spark-launcher_2.11-2.2.1.jar"/>
  </path>
  
  <path id="library.maven:_org.apache.spark:spark-network-common_2.11:2.2.1.classpath">
    <pathelement location="${path.variable.maven_repository}/org/apache/spark/spark-network-common_2.11/2.2.1/spark-network-common_2.11-2.2.1.jar"/>
  </path>
  
  <path id="library.maven:_org.apache.spark:spark-network-shuffle_2.11:2.2.1.classpath">
    <pathelement location="${path.variable.maven_repository}/org/apache/spark/spark-network-shuffle_2.11/2.2.1/spark-network-shuffle_2.11-2.2.1.jar"/>
  </path>
  
  <path id="library.maven:_org.apache.spark:spark-sketch_2.11:2.2.1.classpath">
    <pathelement location="${path.variable.maven_repository}/org/apache/spark/spark-sketch_2.11/2.2.1/spark-sketch_2.11-2.2.1.jar"/>
  </path>
  
  <path id="library.maven:_org.apache.spark:spark-sql-kafka-0-10_2.11:2.2.1.classpath">
    <pathelement location="${path.variable.maven_repository}/org/apache/spark/spark-sql-kafka-0-10_2.11/2.2.1/spark-sql-kafka-0-10_2.11-2.2.1.jar"/>
  </path>
  
  <path id="library.maven:_org.apache.spark:spark-sql_2.11:2.2.1.classpath">
    <pathelement location="${path.variable.maven_repository}/org/apache/spark/spark-sql_2.11/2.2.1/spark-sql_2.11-2.2.1.jar"/>
  </path>
  
  <path id="library.maven:_org.apache.spark:spark-streaming-kafka-0-10_2.11:2.2.1.classpath">
    <pathelement location="${path.variable.maven_repository}/org/apache/spark/spark-streaming-kafka-0-10_2.11/2.2.1/spark-streaming-kafka-0-10_2.11-2.2.1.jar"/>
  </path>
  
  <path id="library.maven:_org.apache.spark:spark-streaming-kafka-0-8_2.11:2.2.1.classpath">
    <pathelement location="${path.variable.maven_repository}/org/apache/spark/spark-streaming-kafka-0-8_2.11/2.2.1/spark-streaming-kafka-0-8_2.11-2.2.1.jar"/>
  </path>
  
  <path id="library.maven:_org.apache.spark:spark-streaming_2.11:2.2.1.classpath">
    <pathelement location="${path.variable.maven_repository}/org/apache/spark/spark-streaming_2.11/2.2.1/spark-streaming_2.11-2.2.1.jar"/>
  </path>
  
  <path id="library.maven:_org.apache.spark:spark-tags_2.11:2.2.1.classpath">
    <pathelement location="${path.variable.maven_repository}/org/apache/spark/spark-tags_2.11/2.2.1/spark-tags_2.11-2.2.1.jar"/>
  </path>
  
  <path id="library.maven:_org.apache.spark:spark-unsafe_2.11:2.2.1.classpath">
    <pathelement location="${path.variable.maven_repository}/org/apache/spark/spark-unsafe_2.11/2.2.1/spark-unsafe_2.11-2.2.1.jar"/>
  </path>
  
  <path id="library.maven:_org.apache.thrift:libfb303:0.9.3.classpath">
    <pathelement location="${path.variable.maven_repository}/org/apache/thrift/libfb303/0.9.3/libfb303-0.9.3.jar"/>
  </path>
  
  <path id="library.maven:_org.apache.thrift:libthrift:0.9.3.classpath">
    <pathelement location="${path.variable.maven_repository}/org/apache/thrift/libthrift/0.9.3/libthrift-0.9.3.jar"/>
  </path>
  
  <path id="library.maven:_org.apache.xbean:xbean-asm5-shaded:4.4.classpath">
    <pathelement location="${path.variable.maven_repository}/org/apache/xbean/xbean-asm5-shaded/4.4/xbean-asm5-shaded-4.4.jar"/>
  </path>
  
  <path id="library.maven:_org.apache.zookeeper:zookeeper:3.4.6.classpath">
    <pathelement location="${path.variable.maven_repository}/org/apache/zookeeper/zookeeper/3.4.6/zookeeper-3.4.6.jar"/>
  </path>
  
  <path id="library.maven:_org.apache.zookeeper:zookeeper:3.4.8.classpath">
    <pathelement location="${path.variable.maven_repository}/org/apache/zookeeper/zookeeper/3.4.8/zookeeper-3.4.8.jar"/>
  </path>
  
  <path id="library.maven:_org.assertj:assertj-core:3.3.0.classpath">
    <pathelement location="${path.variable.maven_repository}/org/assertj/assertj-core/3.3.0/assertj-core-3.3.0.jar"/>
  </path>
  
  <path id="library.maven:_org.bouncycastle:bcprov-jdk15on:1.51.classpath">
    <pathelement location="${path.variable.maven_repository}/org/bouncycastle/bcprov-jdk15on/1.51/bcprov-jdk15on-1.51.jar"/>
  </path>
  
  <path id="library.maven:_org.codehaus.jackson:jackson-core-asl:1.9.13.classpath">
    <pathelement location="${path.variable.maven_repository}/org/codehaus/jackson/jackson-core-asl/1.9.13/jackson-core-asl-1.9.13.jar"/>
  </path>
  
  <path id="library.maven:_org.codehaus.jackson:jackson-jaxrs:1.9.13.classpath">
    <pathelement location="${path.variable.maven_repository}/org/codehaus/jackson/jackson-jaxrs/1.9.13/jackson-jaxrs-1.9.13.jar"/>
  </path>
  
  <path id="library.maven:_org.codehaus.jackson:jackson-mapper-asl:1.9.13.classpath">
    <pathelement location="${path.variable.maven_repository}/org/codehaus/jackson/jackson-mapper-asl/1.9.13/jackson-mapper-asl-1.9.13.jar"/>
  </path>
  
  <path id="library.maven:_org.codehaus.jackson:jackson-xc:1.9.13.classpath">
    <pathelement location="${path.variable.maven_repository}/org/codehaus/jackson/jackson-xc/1.9.13/jackson-xc-1.9.13.jar"/>
  </path>
  
  <path id="library.maven:_org.codehaus.janino:commons-compiler:3.0.0.classpath">
    <pathelement location="${path.variable.maven_repository}/org/codehaus/janino/commons-compiler/3.0.0/commons-compiler-3.0.0.jar"/>
  </path>
  
  <path id="library.maven:_org.codehaus.janino:janino:3.0.0.classpath">
    <pathelement location="${path.variable.maven_repository}/org/codehaus/janino/janino/3.0.0/janino-3.0.0.jar"/>
  </path>
  
  <path id="library.maven:_org.datanucleus:datanucleus-api-jdo:3.2.6.classpath">
    <pathelement location="${path.variable.maven_repository}/org/datanucleus/datanucleus-api-jdo/3.2.6/datanucleus-api-jdo-3.2.6.jar"/>
  </path>
  
  <path id="library.maven:_org.datanucleus:datanucleus-core:3.2.10.classpath">
    <pathelement location="${path.variable.maven_repository}/org/datanucleus/datanucleus-core/3.2.10/datanucleus-core-3.2.10.jar"/>
  </path>
  
  <path id="library.maven:_org.datanucleus:datanucleus-rdbms:3.2.9.classpath">
    <pathelement location="${path.variable.maven_repository}/org/datanucleus/datanucleus-rdbms/3.2.9/datanucleus-rdbms-3.2.9.jar"/>
  </path>
  
  <path id="library.maven:_org.elasticsearch:elasticsearch-spark_2.11:2.4.5.classpath">
    <pathelement location="${path.variable.maven_repository}/org/elasticsearch/elasticsearch-spark_2.11/2.4.5/elasticsearch-spark_2.11-2.4.5.jar"/>
  </path>
  
  <path id="library.maven:_org.elasticsearch:elasticsearch:5.3.0.classpath">
    <pathelement location="${path.variable.maven_repository}/org/elasticsearch/elasticsearch/5.3.0/elasticsearch-5.3.0.jar"/>
  </path>
  
  <path id="library.maven:_org.elasticsearch:securesm:1.1.classpath">
    <pathelement location="${path.variable.maven_repository}/org/elasticsearch/securesm/1.1/securesm-1.1.jar"/>
  </path>
  
  <path id="library.maven:_org.fusesource.leveldbjni:leveldbjni-all:1.8.classpath">
    <pathelement location="${path.variable.maven_repository}/org/fusesource/leveldbjni/leveldbjni-all/1.8/leveldbjni-all-1.8.jar"/>
  </path>
  
  <path id="library.maven:_org.glassfish.hk2.external:aopalliance-repackaged:2.4.0-b34.classpath">
    <pathelement location="${path.variable.maven_repository}/org/glassfish/hk2/external/aopalliance-repackaged/2.4.0-b34/aopalliance-repackaged-2.4.0-b34.jar"/>
  </path>
  
  <path id="library.maven:_org.glassfish.hk2.external:javax.inject:2.4.0-b34.classpath">
    <pathelement location="${path.variable.maven_repository}/org/glassfish/hk2/external/javax.inject/2.4.0-b34/javax.inject-2.4.0-b34.jar"/>
  </path>
  
  <path id="library.maven:_org.glassfish.hk2:hk2-api:2.4.0-b34.classpath">
    <pathelement location="${path.variable.maven_repository}/org/glassfish/hk2/hk2-api/2.4.0-b34/hk2-api-2.4.0-b34.jar"/>
  </path>
  
  <path id="library.maven:_org.glassfish.hk2:hk2-locator:2.4.0-b34.classpath">
    <pathelement location="${path.variable.maven_repository}/org/glassfish/hk2/hk2-locator/2.4.0-b34/hk2-locator-2.4.0-b34.jar"/>
  </path>
  
  <path id="library.maven:_org.glassfish.hk2:hk2-utils:2.4.0-b34.classpath">
    <pathelement location="${path.variable.maven_repository}/org/glassfish/hk2/hk2-utils/2.4.0-b34/hk2-utils-2.4.0-b34.jar"/>
  </path>
  
  <path id="library.maven:_org.glassfish.hk2:osgi-resource-locator:1.0.1.classpath">
    <pathelement location="${path.variable.maven_repository}/org/glassfish/hk2/osgi-resource-locator/1.0.1/osgi-resource-locator-1.0.1.jar"/>
  </path>
  
  <path id="library.maven:_org.glassfish.jersey.bundles.repackaged:jersey-guava:2.22.2.classpath">
    <pathelement location="${path.variable.maven_repository}/org/glassfish/jersey/bundles/repackaged/jersey-guava/2.22.2/jersey-guava-2.22.2.jar"/>
  </path>
  
  <path id="library.maven:_org.glassfish.jersey.containers:jersey-container-servlet-core:2.22.2.classpath">
    <pathelement location="${path.variable.maven_repository}/org/glassfish/jersey/containers/jersey-container-servlet-core/2.22.2/jersey-container-servlet-core-2.22.2.jar"/>
  </path>
  
  <path id="library.maven:_org.glassfish.jersey.containers:jersey-container-servlet:2.22.2.classpath">
    <pathelement location="${path.variable.maven_repository}/org/glassfish/jersey/containers/jersey-container-servlet/2.22.2/jersey-container-servlet-2.22.2.jar"/>
  </path>
  
  <path id="library.maven:_org.glassfish.jersey.core:jersey-client:2.22.2.classpath">
    <pathelement location="${path.variable.maven_repository}/org/glassfish/jersey/core/jersey-client/2.22.2/jersey-client-2.22.2.jar"/>
  </path>
  
  <path id="library.maven:_org.glassfish.jersey.core:jersey-common:2.22.2.classpath">
    <pathelement location="${path.variable.maven_repository}/org/glassfish/jersey/core/jersey-common/2.22.2/jersey-common-2.22.2.jar"/>
  </path>
  
  <path id="library.maven:_org.glassfish.jersey.core:jersey-server:2.22.2.classpath">
    <pathelement location="${path.variable.maven_repository}/org/glassfish/jersey/core/jersey-server/2.22.2/jersey-server-2.22.2.jar"/>
  </path>
  
  <path id="library.maven:_org.glassfish.jersey.media:jersey-media-jaxb:2.22.2.classpath">
    <pathelement location="${path.variable.maven_repository}/org/glassfish/jersey/media/jersey-media-jaxb/2.22.2/jersey-media-jaxb-2.22.2.jar"/>
  </path>
  
  <path id="library.maven:_org.hamcrest:hamcrest-core:1.1.classpath">
    <pathelement location="${path.variable.maven_repository}/org/hamcrest/hamcrest-core/1.1/hamcrest-core-1.1.jar"/>
  </path>
  
  <path id="library.maven:_org.hdrhistogram:hdrhistogram:2.1.6.classpath">
    <pathelement location="${path.variable.maven_repository}/org/hdrhistogram/HdrHistogram/2.1.6/HdrHistogram-2.1.6.jar"/>
  </path>
  
  <path id="library.maven:_org.htrace:htrace-core:3.0.4.classpath">
    <pathelement location="${path.variable.maven_repository}/org/htrace/htrace-core/3.0.4/htrace-core-3.0.4.jar"/>
  </path>
  
  <path id="library.maven:_org.iq80.snappy:snappy:0.2.classpath">
    <pathelement location="${path.variable.maven_repository}/org/iq80/snappy/snappy/0.2/snappy-0.2.jar"/>
  </path>
  
  <path id="library.maven:_org.javassist:javassist:3.18.1-ga.classpath">
    <pathelement location="${path.variable.maven_repository}/org/javassist/javassist/3.18.1-GA/javassist-3.18.1-GA.jar"/>
  </path>
  
  <path id="library.maven:_org.jodd:jodd-core:3.5.2.classpath">
    <pathelement location="${path.variable.maven_repository}/org/jodd/jodd-core/3.5.2/jodd-core-3.5.2.jar"/>
  </path>
  
  <path id="library.maven:_org.json4s:json4s-ast_2.11:3.2.11.classpath">
    <pathelement location="${path.variable.maven_repository}/org/json4s/json4s-ast_2.11/3.2.11/json4s-ast_2.11-3.2.11.jar"/>
  </path>
  
  <path id="library.maven:_org.json4s:json4s-core_2.11:3.2.11.classpath">
    <pathelement location="${path.variable.maven_repository}/org/json4s/json4s-core_2.11/3.2.11/json4s-core_2.11-3.2.11.jar"/>
  </path>
  
  <path id="library.maven:_org.json4s:json4s-jackson_2.11:3.2.11.classpath">
    <pathelement location="${path.variable.maven_repository}/org/json4s/json4s-jackson_2.11/3.2.11/json4s-jackson_2.11-3.2.11.jar"/>
  </path>
  
  <path id="library.maven:_org.mortbay.jetty:jetty-util:6.1.26.classpath">
    <pathelement location="${path.variable.maven_repository}/org/mortbay/jetty/jetty-util/6.1.26/jetty-util-6.1.26.jar"/>
  </path>
  
  <path id="library.maven:_org.objenesis:objenesis:2.1.classpath">
    <pathelement location="${path.variable.maven_repository}/org/objenesis/objenesis/2.1/objenesis-2.1.jar"/>
  </path>
  
  <path id="library.maven:_org.roaringbitmap:roaringbitmap:0.5.11.classpath">
    <pathelement location="${path.variable.maven_repository}/org/roaringbitmap/RoaringBitmap/0.5.11/RoaringBitmap-0.5.11.jar"/>
  </path>
  
  <path id="library.maven:_org.scala-lang.modules:scala-parser-combinators_2.11:1.0.2.classpath">
    <pathelement location="${path.variable.maven_repository}/org/scala-lang/modules/scala-parser-combinators_2.11/1.0.2/scala-parser-combinators_2.11-1.0.2.jar"/>
  </path>
  
  <path id="library.maven:_org.scala-lang.modules:scala-parser-combinators_2.11:1.0.4.classpath">
    <pathelement location="${path.variable.maven_repository}/org/scala-lang/modules/scala-parser-combinators_2.11/1.0.4/scala-parser-combinators_2.11-1.0.4.jar"/>
  </path>
  
  <path id="library.maven:_org.scala-lang.modules:scala-xml_2.11:1.0.1.classpath">
    <pathelement location="${path.variable.maven_repository}/org/scala-lang/modules/scala-xml_2.11/1.0.1/scala-xml_2.11-1.0.1.jar"/>
  </path>
  
  <path id="library.maven:_org.scala-lang.modules:scala-xml_2.11:1.0.6.classpath">
    <pathelement location="${path.variable.maven_repository}/org/scala-lang/modules/scala-xml_2.11/1.0.6/scala-xml_2.11-1.0.6.jar"/>
  </path>
  
  <path id="library.maven:_org.scala-lang:scala-compiler:2.11.0.classpath">
    <pathelement location="${path.variable.maven_repository}/org/scala-lang/scala-compiler/2.11.0/scala-compiler-2.11.0.jar"/>
  </path>
  
  <path id="library.maven:_org.scala-lang:scala-library:2.11.7.classpath">
    <pathelement location="${path.variable.maven_repository}/org/scala-lang/scala-library/2.11.7/scala-library-2.11.7.jar"/>
  </path>
  
  <path id="library.maven:_org.scala-lang:scala-library:2.11.8.classpath">
    <pathelement location="${path.variable.maven_repository}/org/scala-lang/scala-library/2.11.8/scala-library-2.11.8.jar"/>
  </path>
  
  <path id="library.maven:_org.scala-lang:scala-reflect:2.11.7.classpath">
    <pathelement location="${path.variable.maven_repository}/org/scala-lang/scala-reflect/2.11.7/scala-reflect-2.11.7.jar"/>
  </path>
  
  <path id="library.maven:_org.scala-lang:scalap:2.11.0.classpath">
    <pathelement location="${path.variable.maven_repository}/org/scala-lang/scalap/2.11.0/scalap-2.11.0.jar"/>
  </path>
  
  <path id="library.maven:_org.slf4j:jcl-over-slf4j:1.7.16.classpath">
    <pathelement location="${path.variable.maven_repository}/org/slf4j/jcl-over-slf4j/1.7.16/jcl-over-slf4j-1.7.16.jar"/>
  </path>
  
  <path id="library.maven:_org.slf4j:jul-to-slf4j:1.7.16.classpath">
    <pathelement location="${path.variable.maven_repository}/org/slf4j/jul-to-slf4j/1.7.16/jul-to-slf4j-1.7.16.jar"/>
  </path>
  
  <path id="library.maven:_org.slf4j:slf4j-api:1.7.16.classpath">
    <pathelement location="${path.variable.maven_repository}/org/slf4j/slf4j-api/1.7.16/slf4j-api-1.7.16.jar"/>
  </path>
  
  <path id="library.maven:_org.slf4j:slf4j-log4j12:1.7.16.classpath">
    <pathelement location="${path.variable.maven_repository}/org/slf4j/slf4j-log4j12/1.7.16/slf4j-log4j12-1.7.16.jar"/>
  </path>
  
  <path id="library.maven:_org.spark-project.hive:hive-exec:1.2.1.spark2.classpath">
    <pathelement location="${path.variable.maven_repository}/org/spark-project/hive/hive-exec/1.2.1.spark2/hive-exec-1.2.1.spark2.jar"/>
  </path>
  
  <path id="library.maven:_org.spark-project.hive:hive-metastore:1.2.1.spark2.classpath">
    <pathelement location="${path.variable.maven_repository}/org/spark-project/hive/hive-metastore/1.2.1.spark2/hive-metastore-1.2.1.spark2.jar"/>
  </path>
  
  <path id="library.maven:_org.spark-project.spark:unused:1.0.0.classpath">
    <pathelement location="${path.variable.maven_repository}/org/spark-project/spark/unused/1.0.0/unused-1.0.0.jar"/>
  </path>
  
  <path id="library.maven:_org.tukaani:xz:1.0.classpath">
    <pathelement location="${path.variable.maven_repository}/org/tukaani/xz/1.0/xz-1.0.jar"/>
  </path>
  
  <path id="library.maven:_org.tukaani:xz:1.5.classpath">
    <pathelement location="${path.variable.maven_repository}/org/tukaani/xz/1.5/xz-1.5.jar"/>
  </path>
  
  <path id="library.maven:_org.xerial.snappy:snappy-java:1.1.2.6.classpath">
    <pathelement location="${path.variable.maven_repository}/org/xerial/snappy/snappy-java/1.1.2.6/snappy-java-1.1.2.6.jar"/>
  </path>
  
  <path id="library.maven:_org.yaml:snakeyaml:1.15.classpath">
    <pathelement location="${path.variable.maven_repository}/org/yaml/snakeyaml/1.15/snakeyaml-1.15.jar"/>
  </path>
  
  <path id="library.maven:_oro:oro:2.0.8.classpath">
    <pathelement location="${path.variable.maven_repository}/oro/oro/2.0.8/oro-2.0.8.jar"/>
  </path>
  
  <path id="library.maven:_stax:stax-api:1.0.1.classpath">
    <pathelement location="${path.variable.maven_repository}/stax/stax-api/1.0.1/stax-api-1.0.1.jar"/>
  </path>
  
  <path id="library.maven:_xerces:xercesimpl:2.9.1.classpath">
    <pathelement location="${path.variable.maven_repository}/xerces/xercesImpl/2.9.1/xercesImpl-2.9.1.jar"/>
  </path>
  
  <path id="library.maven:_xml-apis:xml-apis:1.3.04.classpath">
    <pathelement location="${path.variable.maven_repository}/xml-apis/xml-apis/1.3.04/xml-apis-1.3.04.jar"/>
  </path>
  
  <path id="library.maven:_xmlenc:xmlenc:0.52.classpath">
    <pathelement location="${path.variable.maven_repository}/xmlenc/xmlenc/0.52/xmlenc-0.52.jar"/>
  </path>
  
  
  <!-- Global Libraries -->
  
  <path id="library.scala-sdk-2.11.8.classpath">
    <pathelement location="${path.variable.maven_repository}/org/scala-lang/scala-library/2.11.8/scala-library-2.11.8.jar"/>
    <pathelement location="${path.variable.maven_repository}/org/scala-lang/scala-reflect/2.11.8/scala-reflect-2.11.8.jar"/>
  </path>
  <!-- Register Custom Compiler Taskdefs -->
  <property name="javac2.home" value="${idea.home}/lib"/>
  <path id="javac2.classpath">
    <fileset dir="${javac2.home}">
      <include name="javac2.jar"/>
      <include name="jdom.jar"/>
      <include name="asm-all*.jar"/>
      <include name="jgoodies-forms.jar"/>
    </fileset>
  </path>
  <target name="register.custom.compilers">
    <taskdef name="javac2" classname="com.intellij.ant.Javac2" classpathref="javac2.classpath"/>
    <taskdef name="instrumentIdeaExtensions" classname="com.intellij.ant.InstrumentIdeaExtensions" classpathref="javac2.classpath"/>
  </target>
  
  <!-- Modules -->
  
  <import file="${basedir}/module_practicafinal.xml"/>
  
  <import file="${basedir}/module_spfm.xml"/>
  
  <target name="init" description="Build initialization">
    <!-- Perform any build initialization in this target -->
  </target>
  
  <target name="clean" depends="clean.module.practicafinal, clean.module.spfm" description="cleanup all"/>
  
  <target name="build.modules" depends="init, clean, compile.module.practicafinal, compile.module.spfm" description="build all modules"/>
  
  <target name="all" depends="build.modules" description="build all"/>
</project>